Time,X,Y,Heading,CameraX,CameraY,CameraZ,CameraAngX,CameraAngY,CameraAngZ,GoalX,GoalY,DistanceToGoal
0, 0, 0, 0, 0, 1.22, 0, 0, 0, 0, 3.05, 0.54, 4.632634
0.01111111, 0, 0, 0, 0, 1.196667, 0, 0, 0, 0, 3.05, 0.54, 4.629267
0.02222222, -8.554091, -5.940668, 42.22973, -8.554091, 1.275036, -5.940668, 4.936232, 42.22973, 358.4929, 3.05, 0.54, 11.89744
0.03333334, -8.554091, -5.940668, 42.22973, -8.554091, 1.275036, -5.940668, 4.936232, 42.22973, 358.4929, 3.05, 0.54, 11.89744
0.04444445, -8.554091, -5.940668, 42.22973, -8.554091, 1.275036, -5.940668, 4.936232, 42.22973, 358.4929, 3.05, 0.54, 11.89744
0.05555556, -8.554091, -5.940668, 42.22973, -8.554091, 1.275036, -5.940668, 4.936232, 42.22973, 358.4929, 3.05, 0.54, 11.89744
0.06666667, -8.554091, -5.940668, 42.22973, -8.554091, 1.275036, -5.940668, 4.936232, 42.22973, 358.4929, 3.05, 0.54, 11.89744
0.07777778, -8.554091, -5.940668, 42.22973, -8.554091, 1.275036, -5.940668, 4.936232, 42.22973, 358.4929, 3.05, 0.54, 11.89744
0.08888889, -8.554091, -5.940668, 42.22973, -8.554091, 1.275036, -5.940668, 4.936232, 42.22973, 358.4929, 3.05, 0.54, 11.89744
0.1, -8.554091, -5.940668, 42.22973, -8.554091, 1.275036, -5.940668, 4.936232, 42.22973, 358.4929, 3.05, 0.54, 11.89744
0.1111111, -8.554091, -5.940668, 42.22973, -8.554091, 1.275036, -5.940668, 4.936232, 42.22973, 358.4929, 3.05, 0.54, 11.89744
0.1222222, -8.554091, -5.940668, 42.22973, -8.554091, 1.275036, -5.940668, 4.936232, 42.22973, 358.4929, 3.05, 0.54, 11.89744
0.1333333, -8.554091, -5.940668, 42.22973, -8.554091, 1.275036, -5.940668, 4.936232, 42.22973, 358.4929, 3.05, 0.54, 11.89744
0.1444445, -8.554091, -5.940668, 42.22973, -8.554091, 1.275036, -5.940668, 4.936232, 42.22973, 358.4929, 3.05, 0.54, 11.89744
0.1555556, -8.554091, -5.940668, 42.22973, -8.554091, 1.275036, -5.940668, 4.936232, 42.22973, 358.4929, 3.05, 0.54, 11.89744
0.1666667, -8.554091, -5.940668, 42.22973, -8.554091, 1.275036, -5.940668, 4.936232, 42.22973, 358.4929, 3.05, 0.54, 11.89744
0.1777778, -8.554091, -5.940668, 42.22973, -8.554091, 1.275036, -5.940668, 4.936232, 42.22973, 358.4929, 3.05, 0.54, 11.89744
0.1888889, -8.554091, -5.940668, 42.22973, -8.554091, 1.275036, -5.940668, 4.936232, 42.22973, 358.4929, 3.05, 0.54, 11.89744
0.2, -8.554091, -5.940668, 42.22973, -8.554091, 1.275036, -5.940668, 4.936232, 42.22973, 358.4929, 3.05, 0.54, 11.89744
0.2111111, -8.554091, -5.940668, 42.22973, -8.554091, 1.275036, -5.940668, 4.936232, 42.22973, 358.4929, 3.05, 0.54, 11.89744
0.2222222, -8.554091, -5.940668, 42.22973, -8.554091, 1.275036, -5.940668, 4.936232, 42.22973, 358.4929, 3.05, 0.54, 11.89744
0.2333333, -8.554091, -5.940668, 42.22973, -8.554091, 1.275036, -5.940668, 4.936232, 42.22973, 358.4929, 3.05, 0.54, 11.89744
0.2444444, -8.554091, -5.940668, 42.22973, -8.554091, 1.275036, -5.940668, 4.936232, 42.22973, 358.4929, 3.05, 0.54, 11.89744
0.2555556, -8.554091, -5.940668, 42.22973, -8.554091, 1.275036, -5.940668, 4.936232, 42.22973, 358.4929, 3.05, 0.54, 11.89744
0.2666667, -8.554091, -5.940668, 42.22973, -8.554091, 1.275036, -5.940668, 4.936232, 42.22973, 358.4929, 3.05, 0.54, 11.89744
0.2777778, -8.554091, -5.940668, 42.22973, -8.554091, 1.275036, -5.940668, 4.936232, 42.22973, 358.4929, 3.05, 0.54, 11.89744
0.2888889, -8.554091, -5.940668, 42.22973, -8.554091, 1.275036, -5.940668, 4.936232, 42.22973, 358.4929, 3.05, 0.54, 11.89744
0.3, -8.554091, -5.940668, 42.22973, -8.554091, 1.275036, -5.940668, 4.936232, 42.22973, 358.4929, 3.05, 0.54, 11.89744
0.3111111, -8.554091, -5.940668, 42.22973, -8.554091, 1.275036, -5.940668, 4.936232, 42.22973, 358.4929, 3.05, 0.54, 11.89744
0.3222222, -8.554091, -5.940668, 42.22973, -8.554091, 1.275036, -5.940668, 4.936232, 42.22973, 358.4929, 3.05, 0.54, 11.89744
0.3333333, -8.554091, -5.940668, 42.22973, -8.554091, 1.275036, -5.940668, 4.936232, 42.22973, 358.4929, 3.05, 0.54, 11.89744
0.3444445, -8.554091, -5.940668, 42.22973, -8.554091, 1.275036, -5.940668, 4.936232, 42.22973, 358.4929, 3.05, 0.54, 11.89744
0.3555556, -12.29366, -9.69095, 43.31784, -12.29366, 1.276145, -9.69095, 4.033503, 43.31784, 358.8479, 3.05, 0.54, 16.592
0.3666667, -12.29366, -9.69095, 43.31784, -12.29366, 1.276145, -9.69095, 4.033503, 43.31784, 358.8479, 3.05, 0.54, 16.592
0.3777778, -12.29366, -9.69095, 43.31784, -12.29366, 1.276145, -9.69095, 4.033503, 43.31784, 358.8479, 3.05, 0.54, 16.592
0.3888889, -12.29366, -9.69095, 43.31784, -12.29366, 1.276145, -9.69095, 4.033503, 43.31784, 358.8479, 3.05, 0.54, 16.592
0.4, -12.29366, -9.69095, 43.31784, -12.29366, 1.276145, -9.69095, 4.033503, 43.31784, 358.8479, 3.05, 0.54, 16.592
0.4111111, -12.29366, -9.69095, 43.31784, -12.29366, 1.276145, -9.69095, 4.033503, 43.31784, 358.8479, 3.05, 0.54, 16.592
0.4222222, -12.29366, -9.69095, 43.31784, -12.29366, 1.276145, -9.69095, 4.033503, 43.31784, 358.8479, 3.05, 0.54, 16.592
0.4333333, -12.29366, -9.69095, 43.31784, -12.29366, 1.276145, -9.69095, 4.033503, 43.31784, 358.8479, 3.05, 0.54, 16.592
0.4444444, -12.29366, -9.69095, 43.31784, -12.29366, 1.276145, -9.69095, 4.033503, 43.31784, 358.8479, 3.05, 0.54, 16.592
0.4555556, -12.29366, -9.69095, 43.31784, -12.29366, 1.276145, -9.69095, 4.033503, 43.31784, 358.8479, 3.05, 0.54, 16.592
0.4666667, -12.29366, -9.69095, 43.31784, -12.29366, 1.276145, -9.69095, 4.033503, 43.31784, 358.8479, 3.05, 0.54, 16.592
0.4777778, -12.29366, -9.69095, 43.31784, -12.29366, 1.276145, -9.69095, 4.033503, 43.31784, 358.8479, 3.05, 0.54, 16.592
0.4888889, -12.29366, -9.69095, 43.31784, -12.29366, 1.276145, -9.69095, 4.033503, 43.31784, 358.8479, 3.05, 0.54, 16.592
0.5, -12.29366, -9.69095, 43.31784, -12.29366, 1.276145, -9.69095, 4.033503, 43.31784, 358.8479, 3.05, 0.54, 16.592
0.5111111, -12.29366, -9.69095, 43.31784, -12.29366, 1.276145, -9.69095, 4.033503, 43.31784, 358.8479, 3.05, 0.54, 16.592
0.5222222, -12.29366, -9.69095, 43.31784, -12.29366, 1.276145, -9.69095, 4.033503, 43.31784, 358.8479, 3.05, 0.54, 16.592
0.5333334, -12.29366, -9.69095, 43.31784, -12.29366, 1.276145, -9.69095, 4.033503, 43.31784, 358.8479, 3.05, 0.54, 16.592
0.5444444, -12.29366, -9.69095, 43.31784, -12.29366, 1.276145, -9.69095, 4.033503, 43.31784, 358.8479, 3.05, 0.54, 16.592
0.5555556, -12.29366, -9.69095, 43.31784, -12.29366, 1.276145, -9.69095, 4.033503, 43.31784, 358.8479, 3.05, 0.54, 16.592
0.5666667, -12.29366, -9.69095, 43.31784, -12.29366, 1.276145, -9.69095, 4.033503, 43.31784, 358.8479, 3.05, 0.54, 16.592
0.5777778, -12.29366, -9.69095, 43.31784, -12.29366, 1.276145, -9.69095, 4.033503, 43.31784, 358.8479, 3.05, 0.54, 16.592
0.5888889, -12.29366, -9.69095, 43.31784, -12.29366, 1.276145, -9.69095, 4.033503, 43.31784, 358.8479, 3.05, 0.54, 16.592
0.6, -12.29366, -9.69095, 43.31784, -12.29366, 1.276145, -9.69095, 4.033503, 43.31784, 358.8479, 3.05, 0.54, 16.592
0.6111111, -12.29366, -9.69095, 43.31784, -12.29366, 1.276145, -9.69095, 4.033503, 43.31784, 358.8479, 3.05, 0.54, 16.592
0.6222222, -12.29366, -9.69095, 43.31784, -12.29366, 1.276145, -9.69095, 4.033503, 43.31784, 358.8479, 3.05, 0.54, 16.592
0.6333333, -12.29366, -9.69095, 43.31784, -12.29366, 1.276145, -9.69095, 4.033503, 43.31784, 358.8479, 3.05, 0.54, 16.592
0.6444445, -12.29366, -9.69095, 43.31784, -12.29366, 1.276145, -9.69095, 4.033503, 43.31784, 358.8479, 3.05, 0.54, 16.592
0.6555555, -12.29366, -9.69095, 43.31784, -12.29366, 1.276145, -9.69095, 4.033503, 43.31784, 358.8479, 3.05, 0.54, 16.592
0.6666667, -12.29366, -9.69095, 43.31784, -12.29366, 1.276145, -9.69095, 4.033503, 43.31784, 358.8479, 3.05, 0.54, 16.592
0.6777778, -12.29366, -9.69095, 43.31784, -12.29366, 1.276145, -9.69095, 4.033503, 43.31784, 358.8479, 3.05, 0.54, 16.592
0.6888889, -12.29366, -9.69095, 43.31784, -12.29366, 1.276145, -9.69095, 4.033503, 43.31784, 358.8479, 3.05, 0.54, 16.592
0.7, -12.29366, -9.69095, 43.31784, -12.29366, 1.276145, -9.69095, 4.033503, 43.31784, 358.8479, 3.05, 0.54, 16.592
0.7111111, -12.29366, -9.69095, 43.31784, -12.29366, 1.276145, -9.69095, 4.033503, 43.31784, 358.8479, 3.05, 0.54, 16.592
0.7222223, -12.29366, -9.69095, 43.31784, -12.29366, 1.276145, -9.69095, 4.033503, 43.31784, 358.8479, 3.05, 0.54, 16.592
0.7333333, -12.29366, -9.69095, 43.31784, -12.29366, 1.276145, -9.69095, 4.033503, 43.31784, 358.8479, 3.05, 0.54, 16.592
0.7444445, -12.29366, -9.69095, 43.31784, -12.29366, 1.276145, -9.69095, 4.033503, 43.31784, 358.8479, 3.05, 0.54, 16.592
0.7555556, -12.29366, -9.69095, 43.31784, -12.29366, 1.276145, -9.69095, 4.033503, 43.31784, 358.8479, 3.05, 0.54, 16.592
0.7666667, -12.29366, -9.69095, 43.31784, -12.29366, 1.276145, -9.69095, 4.033503, 43.31784, 358.8479, 3.05, 0.54, 16.592
0.7777778, -12.29366, -9.69095, 43.31784, -12.29366, 1.276145, -9.69095, 4.033503, 43.31784, 358.8479, 3.05, 0.54, 16.592
0.7888889, -12.29366, -9.69095, 43.31784, -12.29366, 1.276145, -9.69095, 4.033503, 43.31784, 358.8479, 3.05, 0.54, 16.592
0.8, -12.29366, -9.69095, 43.31784, -12.29366, 1.276145, -9.69095, 4.033503, 43.31784, 358.8479, 3.05, 0.54, 16.592
0.8111112, -12.29366, -9.69095, 43.31784, -12.29366, 1.276145, -9.69095, 4.033503, 43.31784, 358.8479, 3.05, 0.54, 16.592
0.8222222, -12.29366, -9.69095, 43.31784, -12.29366, 1.276145, -9.69095, 4.033503, 43.31784, 358.8479, 3.05, 0.54, 16.592
0.8333334, -12.29366, -9.69095, 43.31784, -12.29366, 1.276145, -9.69095, 4.033503, 43.31784, 358.8479, 3.05, 0.54, 16.592
0.8444445, -12.29366, -9.69095, 43.31784, -12.29366, 1.276145, -9.69095, 4.033503, 43.31784, 358.8479, 3.05, 0.54, 16.592
0.8555556, -12.29366, -9.69095, 43.31784, -12.29366, 1.276145, -9.69095, 4.033503, 43.31784, 358.8479, 3.05, 0.54, 16.592
0.8666667, -12.29366, -9.69095, 43.31784, -12.29366, 1.276145, -9.69095, 4.033503, 43.31784, 358.8479, 3.05, 0.54, 16.592
0.8777778, -12.29366, -9.69095, 43.31784, -12.29366, 1.276145, -9.69095, 4.033503, 43.31784, 358.8479, 3.05, 0.54, 16.592
0.8888889, -12.29366, -9.69095, 43.31784, -12.29366, 1.276145, -9.69095, 4.033503, 43.31784, 358.8479, 3.05, 0.54, 16.592
0.9, -12.29366, -9.69095, 43.31784, -12.29366, 1.276145, -9.69095, 4.033503, 43.31784, 358.8479, 3.05, 0.54, 16.592
0.9111111, -12.29366, -9.69095, 43.31784, -12.29366, 1.276145, -9.69095, 4.033503, 43.31784, 358.8479, 3.05, 0.54, 16.592
0.9222223, -12.29366, -9.69095, 43.31784, -12.29366, 1.276145, -9.69095, 4.033503, 43.31784, 358.8479, 3.05, 0.54, 16.592
0.9333333, -12.29366, -9.69095, 43.31784, -12.29366, 1.276145, -9.69095, 4.033503, 43.31784, 358.8479, 3.05, 0.54, 16.592
0.9444445, -12.29366, -9.69095, 43.31784, -12.29366, 1.276145, -9.69095, 4.033503, 43.31784, 358.8479, 3.05, 0.54, 16.592
0.9555556, -12.29366, -9.69095, 43.31784, -12.29366, 1.276145, -9.69095, 4.033503, 43.31784, 358.8479, 3.05, 0.54, 16.592
0.9666667, -12.29366, -9.69095, 43.31784, -12.29366, 1.276145, -9.69095, 4.033503, 43.31784, 358.8479, 3.05, 0.54, 16.592
0.9777778, -12.29366, -9.69095, 43.31784, -12.29366, 1.276145, -9.69095, 4.033503, 43.31784, 358.8479, 3.05, 0.54, 16.592
0.9888889, -12.29366, -9.69095, 43.31784, -12.29366, 1.276145, -9.69095, 4.033503, 43.31784, 358.8479, 3.05, 0.54, 16.592
1, -12.29366, -9.69095, 43.31784, -12.29366, 1.276145, -9.69095, 4.033503, 43.31784, 358.8479, 3.05, 0.54, 16.592
1.011111, -12.29366, -9.69095, 43.31784, -12.29366, 1.276145, -9.69095, 4.033503, 43.31784, 358.8479, 3.05, 0.54, 16.592
1.022222, -12.29366, -9.69095, 43.31784, -12.29366, 1.276145, -9.69095, 4.033503, 43.31784, 358.8479, 3.05, 0.54, 16.592
1.033333, -12.29366, -9.69095, 43.31784, -12.29366, 1.276145, -9.69095, 4.033503, 43.31784, 358.8479, 3.05, 0.54, 16.592
1.044444, -12.29366, -9.69095, 43.31784, -12.29366, 1.276145, -9.69095, 4.033503, 43.31784, 358.8479, 3.05, 0.54, 16.592
1.055556, -12.29366, -9.69095, 43.31784, -12.29366, 1.276145, -9.69095, 4.033503, 43.31784, 358.8479, 3.05, 0.54, 16.592
1.066667, -12.29366, -9.69095, 43.31784, -12.29366, 1.276145, -9.69095, 4.033503, 43.31784, 358.8479, 3.05, 0.54, 16.592
1.077778, -12.29366, -9.69095, 43.31784, -12.29366, 1.276145, -9.69095, 4.033503, 43.31784, 358.8479, 3.05, 0.54, 16.592
1.088889, -12.29366, -9.69095, 43.31784, -12.29366, 1.276145, -9.69095, 4.033503, 43.31784, 358.8479, 3.05, 0.54, 16.592
1.1, -12.29366, -9.69095, 43.31784, -12.29366, 1.276145, -9.69095, 4.033503, 43.31784, 358.8479, 3.05, 0.54, 16.592
1.111111, -12.29366, -9.69095, 43.31784, -12.29366, 1.276145, -9.69095, 4.033503, 43.31784, 358.8479, 3.05, 0.54, 16.592
1.122222, -12.29366, -9.69095, 43.31784, -12.29366, 1.276145, -9.69095, 4.033503, 43.31784, 358.8479, 3.05, 0.54, 16.592
1.133333, -12.29366, -9.69095, 43.31784, -12.29366, 1.276145, -9.69095, 4.033503, 43.31784, 358.8479, 3.05, 0.54, 16.592
1.144444, -12.29366, -9.69095, 43.31784, -12.29366, 1.276145, -9.69095, 4.033503, 43.31784, 358.8479, 3.05, 0.54, 16.592
1.155556, -12.29366, -9.69095, 43.31784, -12.29366, 1.276145, -9.69095, 4.033503, 43.31784, 358.8479, 3.05, 0.54, 16.592
1.166667, -12.29366, -9.69095, 43.31784, -12.29366, 1.276145, -9.69095, 4.033503, 43.31784, 358.8479, 3.05, 0.54, 16.592
1.177778, -12.29366, -9.69095, 43.31784, -12.29366, 1.276145, -9.69095, 4.033503, 43.31784, 358.8479, 3.05, 0.54, 16.592
1.188889, -12.29366, -9.69095, 43.31784, -12.29366, 1.276145, -9.69095, 4.033503, 43.31784, 358.8479, 3.05, 0.54, 16.592
1.2, -12.29366, -9.69095, 43.31784, -12.29366, 1.276145, -9.69095, 4.033503, 43.31784, 358.8479, 3.05, 0.54, 16.592
1.211111, -12.29366, -9.69095, 43.31784, -12.29366, 1.276145, -9.69095, 4.033503, 43.31784, 358.8479, 3.05, 0.54, 16.592
1.222222, -12.29366, -9.69095, 43.31784, -12.29366, 1.276145, -9.69095, 4.033503, 43.31784, 358.8479, 3.05, 0.54, 16.592
1.233333, -12.29366, -9.69095, 43.31784, -12.29366, 1.276145, -9.69095, 4.033503, 43.31784, 358.8479, 3.05, 0.54, 16.592
1.244444, -12.29366, -9.69095, 43.31784, -12.29366, 1.276145, -9.69095, 4.033503, 43.31784, 358.8479, 3.05, 0.54, 16.592
1.255556, -12.29366, -9.69095, 43.31784, -12.29366, 1.276145, -9.69095, 4.033503, 43.31784, 358.8479, 3.05, 0.54, 16.592
1.266667, -12.29366, -9.69095, 43.31784, -12.29366, 1.276145, -9.69095, 4.033503, 43.31784, 358.8479, 3.05, 0.54, 16.592
1.277778, -12.29366, -9.69095, 43.31784, -12.29366, 1.276145, -9.69095, 4.033503, 43.31784, 358.8479, 3.05, 0.54, 16.592
1.288889, -12.29366, -9.69095, 43.31784, -12.29366, 1.276145, -9.69095, 4.033503, 43.31784, 358.8479, 3.05, 0.54, 16.592
1.3, -12.29366, -9.69095, 43.31784, -12.29366, 1.276145, -9.69095, 4.033503, 43.31784, 358.8479, 3.05, 0.54, 16.592
1.311111, -12.29366, -9.69095, 43.31784, -12.29366, 1.276145, -9.69095, 4.033503, 43.31784, 358.8479, 3.05, 0.54, 16.592
1.322222, -12.29366, -9.69095, 43.31784, -12.29366, 1.276145, -9.69095, 4.033503, 43.31784, 358.8479, 3.05, 0.54, 16.592
1.333333, -12.29366, -9.69095, 43.31784, -12.29366, 1.276145, -9.69095, 4.033503, 43.31784, 358.8479, 3.05, 0.54, 16.592
1.344445, -12.29366, -9.69095, 43.31784, -12.29366, 1.276145, -9.69095, 4.033503, 43.31784, 358.8479, 3.05, 0.54, 16.592
1.355556, -12.29366, -9.69095, 43.31784, -12.29366, 1.276145, -9.69095, 4.033503, 43.31784, 358.8479, 3.05, 0.54, 16.592
1.366667, -12.29366, -9.69095, 43.31784, -12.29366, 1.276145, -9.69095, 4.033503, 43.31784, 358.8479, 3.05, 0.54, 16.592
1.377778, -12.29366, -9.69095, 43.31784, -12.29366, 1.276145, -9.69095, 4.033503, 43.31784, 358.8479, 3.05, 0.54, 16.592
1.388889, -12.29366, -9.69095, 43.31784, -12.29366, 1.276145, -9.69095, 4.033503, 43.31784, 358.8479, 3.05, 0.54, 16.592
1.4, -12.29366, -9.69095, 43.31784, -12.29366, 1.276145, -9.69095, 4.033503, 43.31784, 358.8479, 3.05, 0.54, 16.592
1.411111, -12.29366, -9.69095, 43.31784, -12.29366, 1.276145, -9.69095, 4.033503, 43.31784, 358.8479, 3.05, 0.54, 16.592
1.422222, -12.29366, -9.69095, 43.31784, -12.29366, 1.276145, -9.69095, 4.033503, 43.31784, 358.8479, 3.05, 0.54, 16.592
1.433333, -12.29366, -9.69095, 43.31784, -12.29366, 1.276145, -9.69095, 4.033503, 43.31784, 358.8479, 3.05, 0.54, 16.592
1.444445, -12.29366, -9.69095, 43.31784, -12.29366, 1.276145, -9.69095, 4.033503, 43.31784, 358.8479, 3.05, 0.54, 16.592
1.455556, -12.29366, -9.69095, 43.31784, -12.29366, 1.276145, -9.69095, 4.033503, 43.31784, 358.8479, 3.05, 0.54, 16.592
1.466667, -12.29366, -9.69095, 43.31784, -12.29366, 1.276145, -9.69095, 4.033503, 43.31784, 358.8479, 3.05, 0.54, 16.592
1.477778, -12.29366, -9.69095, 43.31784, -12.29366, 1.276145, -9.69095, 4.033503, 43.31784, 358.8479, 3.05, 0.54, 16.592
1.488889, -12.29366, -9.69095, 43.31784, -12.29366, 1.276145, -9.69095, 4.033503, 43.31784, 358.8479, 3.05, 0.54, 16.592
1.5, -12.29366, -9.69095, 43.31784, -12.29366, 1.276145, -9.69095, 4.033503, 43.31784, 358.8479, 3.05, 0.54, 16.592
1.511111, -12.29366, -9.69095, 43.31784, -12.29366, 1.276145, -9.69095, 4.033503, 43.31784, 358.8479, 3.05, 0.54, 16.592
1.522222, -12.29366, -9.69095, 43.31784, -12.29366, 1.276145, -9.69095, 4.033503, 43.31784, 358.8479, 3.05, 0.54, 16.592
1.533333, -12.29366, -9.69095, 43.31784, -12.29366, 1.276145, -9.69095, 4.033503, 43.31784, 358.8479, 3.05, 0.54, 16.592
1.544444, -12.29366, -9.69095, 43.31784, -12.29366, 1.276145, -9.69095, 4.033503, 43.31784, 358.8479, 3.05, 0.54, 16.592
1.555556, -12.29366, -9.69095, 43.31784, -12.29366, 1.276145, -9.69095, 4.033503, 43.31784, 358.8479, 3.05, 0.54, 16.592
1.566667, -12.29366, -9.69095, 43.31784, -12.29366, 1.276145, -9.69095, 4.033503, 43.31784, 358.8479, 3.05, 0.54, 16.592
1.577778, -12.29366, -9.69095, 43.31784, -12.29366, 1.276145, -9.69095, 4.033503, 43.31784, 358.8479, 3.05, 0.54, 16.592
1.588889, -12.29366, -9.69095, 43.31784, -12.29366, 1.276145, -9.69095, 4.033503, 43.31784, 358.8479, 3.05, 0.54, 16.592
1.6, -12.29366, -9.69095, 43.31784, -12.29366, 1.276145, -9.69095, 4.033503, 43.31784, 358.8479, 3.05, 0.54, 16.592
1.611111, -12.29366, -9.69095, 43.31784, -12.29366, 1.276145, -9.69095, 4.033503, 43.31784, 358.8479, 3.05, 0.54, 16.592
1.622222, -12.29366, -9.69095, 43.31784, -12.29366, 1.276145, -9.69095, 4.033503, 43.31784, 358.8479, 3.05, 0.54, 16.592
1.633333, -12.29366, -9.69095, 43.31784, -12.29366, 1.276145, -9.69095, 4.033503, 43.31784, 358.8479, 3.05, 0.54, 16.592
1.644444, -12.29366, -9.69095, 43.31784, -12.29366, 1.276145, -9.69095, 4.033503, 43.31784, 358.8479, 3.05, 0.54, 16.592
1.655556, -12.29366, -9.69095, 43.31784, -12.29366, 1.276145, -9.69095, 4.033503, 43.31784, 358.8479, 3.05, 0.54, 16.592
1.666667, -12.29366, -9.69095, 43.31784, -12.29366, 1.276145, -9.69095, 4.033503, 43.31784, 358.8479, 3.05, 0.54, 16.592
1.677778, -12.29366, -9.69095, 43.31784, -12.29366, 1.276145, -9.69095, 4.033503, 43.31784, 358.8479, 3.05, 0.54, 16.592
1.688889, -12.29366, -9.69095, 43.31784, -12.29366, 1.276145, -9.69095, 4.033503, 43.31784, 358.8479, 3.05, 0.54, 16.592
1.7, -12.29366, -9.69095, 43.31784, -12.29366, 1.276145, -9.69095, 4.033503, 43.31784, 358.8479, 3.05, 0.54, 16.592
1.711111, -12.29366, -9.69095, 43.31784, -12.29366, 1.276145, -9.69095, 4.033503, 43.31784, 358.8479, 3.05, 0.54, 16.592
1.722222, -12.29366, -9.69095, 43.31784, -12.29366, 1.276145, -9.69095, 4.033503, 43.31784, 358.8479, 3.05, 0.54, 16.592
1.733333, -12.29366, -9.69095, 43.31784, -12.29366, 1.276145, -9.69095, 4.033503, 43.31784, 358.8479, 3.05, 0.54, 16.592
1.744444, -12.29366, -9.69095, 43.31784, -12.29366, 1.276145, -9.69095, 4.033503, 43.31784, 358.8479, 3.05, 0.54, 16.592
1.755556, -12.29366, -9.69095, 43.31784, -12.29366, 1.276145, -9.69095, 4.033503, 43.31784, 358.8479, 3.05, 0.54, 16.592
1.766667, -12.29366, -9.69095, 43.31784, -12.29366, 1.276145, -9.69095, 4.033503, 43.31784, 358.8479, 3.05, 0.54, 16.592
1.777778, -12.29366, -9.69095, 43.31784, -12.29366, 1.276145, -9.69095, 4.033503, 43.31784, 358.8479, 3.05, 0.54, 16.592
1.788889, -12.29366, -9.69095, 43.31784, -12.29366, 1.276145, -9.69095, 4.033503, 43.31784, 358.8479, 3.05, 0.54, 16.592
1.8, -12.29366, -9.69095, 43.31784, -12.29366, 1.276145, -9.69095, 4.033503, 43.31784, 358.8479, 3.05, 0.54, 16.592
1.811111, -12.29366, -9.69095, 43.31784, -12.29366, 1.276145, -9.69095, 4.033503, 43.31784, 358.8479, 3.05, 0.54, 16.592
1.822222, -12.29366, -9.69095, 43.31784, -12.29366, 1.276145, -9.69095, 4.033503, 43.31784, 358.8479, 3.05, 0.54, 16.592
1.833333, -12.29366, -9.69095, 43.31784, -12.29366, 1.276145, -9.69095, 4.033503, 43.31784, 358.8479, 3.05, 0.54, 16.592
1.844445, -12.29366, -9.69095, 43.31784, -12.29366, 1.276145, -9.69095, 4.033503, 43.31784, 358.8479, 3.05, 0.54, 16.592
1.855556, -12.29366, -9.69095, 43.31784, -12.29366, 1.276145, -9.69095, 4.033503, 43.31784, 358.8479, 3.05, 0.54, 16.592
1.866667, -12.29366, -9.69095, 43.31784, -12.29366, 1.276145, -9.69095, 4.033503, 43.31784, 358.8479, 3.05, 0.54, 16.592
1.877778, -12.29366, -9.69095, 43.31784, -12.29366, 1.276145, -9.69095, 4.033503, 43.31784, 358.8479, 3.05, 0.54, 16.592
1.888889, -12.29366, -9.69095, 43.31784, -12.29366, 1.276145, -9.69095, 4.033503, 43.31784, 358.8479, 3.05, 0.54, 16.592
1.9, -12.29366, -9.69095, 43.31784, -12.29366, 1.276145, -9.69095, 4.033503, 43.31784, 358.8479, 3.05, 0.54, 16.592
1.911111, -12.29366, -9.69095, 43.31784, -12.29366, 1.276145, -9.69095, 4.033503, 43.31784, 358.8479, 3.05, 0.54, 16.592
1.922222, -12.29366, -9.69095, 43.31784, -12.29366, 1.276145, -9.69095, 4.033503, 43.31784, 358.8479, 3.05, 0.54, 16.592
1.933333, -12.29366, -9.69095, 43.31784, -12.29366, 1.276145, -9.69095, 4.033503, 43.31784, 358.8479, 3.05, 0.54, 16.592
1.944445, -12.29366, -9.69095, 43.31784, -12.29366, 1.276145, -9.69095, 4.033503, 43.31784, 358.8479, 3.05, 0.54, 16.592
1.955556, -12.29366, -9.69095, 43.31784, -12.29366, 1.276145, -9.69095, 4.033503, 43.31784, 358.8479, 3.05, 0.54, 16.592
1.966667, -12.29366, -9.69095, 43.31784, -12.29366, 1.276145, -9.69095, 4.033503, 43.31784, 358.8479, 3.05, 0.54, 16.592
1.977778, -12.29366, -9.69095, 43.31784, -12.29366, 1.276145, -9.69095, 4.033503, 43.31784, 358.8479, 3.05, 0.54, 16.592
1.988889, -12.29366, -9.69095, 43.31784, -12.29366, 1.276145, -9.69095, 4.033503, 43.31784, 358.8479, 3.05, 0.54, 16.592
2, -12.29366, -9.69095, 43.31784, -12.29366, 1.276145, -9.69095, 4.033503, 43.31784, 358.8479, 3.05, 0.54, 16.592
2.011111, -12.14479, -9.69095, 43.31784, -12.14479, 1.276145, -9.69095, 4.033503, 43.31784, 358.8479, 3.05, 0.54, 16.45444
2.022222, -12.14479, -9.69095, 43.31784, -12.14479, 1.276145, -9.69095, 4.033503, 43.31784, 358.8479, 3.05, 0.54, 16.45444
2.033333, -12.14479, -9.69095, 43.31784, -12.14479, 1.276145, -9.69095, 4.033503, 43.31784, 358.8479, 3.05, 0.54, 16.45444
2.044445, -12.14479, -9.69095, 43.31784, -12.14479, 1.276145, -9.69095, 4.033503, 43.31784, 358.8479, 3.05, 0.54, 16.45444
2.055556, -12.14479, -9.69095, 43.31784, -12.14479, 1.276145, -9.69095, 4.033503, 43.31784, 358.8479, 3.05, 0.54, 16.45444
2.066667, -12.14479, -9.69095, 43.31784, -12.14479, 1.276145, -9.69095, 4.033503, 43.31784, 358.8479, 3.05, 0.54, 16.45444
2.077778, -12.14479, -9.69095, 43.31784, -12.14479, 1.276145, -9.69095, 4.033503, 43.31784, 358.8479, 3.05, 0.54, 16.45444
2.088889, -12.14479, -9.69095, 43.31784, -12.14479, 1.276145, -9.69095, 4.033503, 43.31784, 358.8479, 3.05, 0.54, 16.45444
2.1, -12.14479, -9.69095, 43.31784, -12.14479, 1.276145, -9.69095, 4.033503, 43.31784, 358.8479, 3.05, 0.54, 16.45444
2.111111, -12.03491, -9.69095, 43.31784, -12.03491, 1.276145, -9.69095, 4.033503, 43.31784, 358.8479, 3.05, 0.54, 16.35302
2.122222, -12.03491, -9.69095, 43.31784, -12.03491, 1.276145, -9.69095, 4.033503, 43.31784, 358.8479, 3.05, 0.54, 16.35302
2.133333, -12.03491, -9.69095, 43.31784, -12.03491, 1.276145, -9.69095, 4.033503, 43.31784, 358.8479, 3.05, 0.54, 16.35302
2.144444, -12.03491, -9.69095, 43.31784, -12.03491, 1.276145, -9.69095, 4.033503, 43.31784, 358.8479, 3.05, 0.54, 16.35302
2.155556, -12.03491, -9.69095, 43.31784, -12.03491, 1.276145, -9.69095, 4.033503, 43.31784, 358.8479, 3.05, 0.54, 16.35302
2.166667, -12.03491, -9.69095, 43.31784, -12.03491, 1.276145, -9.69095, 4.033503, 43.31784, 358.8479, 3.05, 0.54, 16.35302
2.177778, -12.03491, -9.69095, 43.31784, -12.03491, 1.276145, -9.69095, 4.033503, 43.31784, 358.8479, 3.05, 0.54, 16.35302
2.188889, -12.03491, -9.69095, 43.31784, -12.03491, 1.276145, -9.69095, 4.033503, 43.31784, 358.8479, 3.05, 0.54, 16.35302
2.2, -12.03491, -9.69095, 43.31784, -12.03491, 1.276145, -9.69095, 4.033503, 43.31784, 358.8479, 3.05, 0.54, 16.35302
2.211111, -12.03491, -9.69095, 43.31784, -12.03491, 1.276145, -9.69095, 4.033503, 43.31784, 358.8479, 3.05, 0.54, 16.35302
2.222222, -12.29366, -9.21497, 43.31784, -12.29366, 1.276145, -9.21497, 4.033503, 43.31784, 358.8479, 3.05, 0.54, 16.41802
2.233333, -12.29366, -9.21497, 43.31784, -12.29366, 1.276145, -9.21497, 4.033503, 43.31784, 358.8479, 3.05, 0.54, 16.41802
2.244445, -12.29366, -9.21497, 43.31784, -12.29366, 1.276145, -9.21497, 4.033503, 43.31784, 358.8479, 3.05, 0.54, 16.41802
2.255556, -12.29366, -9.21497, 43.31784, -12.29366, 1.276145, -9.21497, 4.033503, 43.31784, 358.8479, 3.05, 0.54, 16.41802
2.266667, -12.29366, -9.21497, 43.31784, -12.29366, 1.276145, -9.21497, 4.033503, 43.31784, 358.8479, 3.05, 0.54, 16.41802
2.277778, -12.29366, -9.21497, 43.31784, -12.29366, 1.276145, -9.21497, 4.033503, 43.31784, 358.8479, 3.05, 0.54, 16.41802
2.288889, -12.29366, -9.21497, 43.31784, -12.29366, 1.276145, -9.21497, 4.033503, 43.31784, 358.8479, 3.05, 0.54, 16.41802
2.3, -12.29366, -9.21497, 43.31784, -12.29366, 1.276145, -9.21497, 4.033503, 43.31784, 358.8479, 3.05, 0.54, 16.41802
2.311111, -12.29366, -9.21497, 43.31784, -12.29366, 1.276145, -9.21497, 4.033503, 43.31784, 358.8479, 3.05, 0.54, 16.41802
2.322222, -12.29366, -9.327933, 43.31784, -12.29366, 1.276145, -9.327933, 4.033503, 43.31784, 358.8479, 3.05, 0.54, 16.45823
2.333333, -12.29366, -9.327933, 43.31784, -12.29366, 1.276145, -9.327933, 4.033503, 43.31784, 358.8479, 3.05, 0.54, 16.45823
2.344445, -12.29366, -9.327933, 43.31784, -12.29366, 1.276145, -9.327933, 4.033503, 43.31784, 358.8479, 3.05, 0.54, 16.45823
2.355556, -12.29366, -9.327933, 43.31784, -12.29366, 1.276145, -9.327933, 4.033503, 43.31784, 358.8479, 3.05, 0.54, 16.45823
2.366667, -12.29366, -9.327933, 43.31784, -12.29366, 1.276145, -9.327933, 4.033503, 43.31784, 358.8479, 3.05, 0.54, 16.45823
2.377778, -12.29366, -9.327933, 43.31784, -12.29366, 1.276145, -9.327933, 4.033503, 43.31784, 358.8479, 3.05, 0.54, 16.45823
2.388889, -12.29366, -9.327933, 43.31784, -12.29366, 1.276145, -9.327933, 4.033503, 43.31784, 358.8479, 3.05, 0.54, 16.45823
2.4, -12.29366, -9.327933, 43.31784, -12.29366, 1.276145, -9.327933, 4.033503, 43.31784, 358.8479, 3.05, 0.54, 16.45823
2.411111, -12.29366, -9.327933, 43.31784, -12.29366, 1.276145, -9.327933, 4.033503, 43.31784, 358.8479, 3.05, 0.54, 16.45823
2.422222, -12.29366, -9.440561, 43.31784, -12.29366, 1.276145, -9.440561, 4.033503, 43.31784, 358.8479, 3.05, 0.54, 16.499
2.433333, -12.29366, -9.440561, 43.31784, -12.29366, 1.276145, -9.440561, 4.033503, 43.31784, 358.8479, 3.05, 0.54, 16.499
2.444444, -12.29366, -9.440561, 43.31784, -12.29366, 1.276145, -9.440561, 4.033503, 43.31784, 358.8479, 3.05, 0.54, 16.499
2.455556, -12.29366, -9.440561, 43.31784, -12.29366, 1.276145, -9.440561, 4.033503, 43.31784, 358.8479, 3.05, 0.54, 16.499
2.466667, -12.29366, -9.440561, 43.31784, -12.29366, 1.276145, -9.440561, 4.033503, 43.31784, 358.8479, 3.05, 0.54, 16.499
2.477778, -12.29366, -9.440561, 43.31784, -12.29366, 1.276145, -9.440561, 4.033503, 43.31784, 358.8479, 3.05, 0.54, 16.499
2.488889, -12.29366, -9.440561, 43.31784, -12.29366, 1.276145, -9.440561, 4.033503, 43.31784, 358.8479, 3.05, 0.54, 16.499
2.5, -12.29366, -9.440561, 43.31784, -12.29366, 1.276145, -9.440561, 4.033503, 43.31784, 358.8479, 3.05, 0.54, 16.499
2.511111, -12.29366, -9.440561, 43.31784, -12.29366, 1.276145, -9.440561, 4.033503, 43.31784, 358.8479, 3.05, 0.54, 16.499
2.522222, -12.29366, -9.548748, 43.31784, -12.29366, 1.276145, -9.548748, 4.033503, 43.31784, 358.8479, 3.05, 0.54, 16.53878
2.533333, -12.29366, -9.548748, 43.31784, -12.29366, 1.276145, -9.548748, 4.033503, 43.31784, 358.8479, 3.05, 0.54, 16.53878
2.544445, -12.29366, -9.548748, 43.31784, -12.29366, 1.276145, -9.548748, 4.033503, 43.31784, 358.8479, 3.05, 0.54, 16.53878
2.555556, -12.29366, -9.548748, 43.31784, -12.29366, 1.276145, -9.548748, 4.033503, 43.31784, 358.8479, 3.05, 0.54, 16.53878
2.566667, -12.29366, -9.548748, 43.31784, -12.29366, 1.276145, -9.548748, 4.033503, 43.31784, 358.8479, 3.05, 0.54, 16.53878
2.577778, -12.29366, -9.548748, 43.31784, -12.29366, 1.276145, -9.548748, 4.033503, 43.31784, 358.8479, 3.05, 0.54, 16.53878
2.588889, -12.29366, -9.548748, 43.31784, -12.29366, 1.276145, -9.548748, 4.033503, 43.31784, 358.8479, 3.05, 0.54, 16.53878
2.6, -12.29366, -9.548748, 43.31784, -12.29366, 1.276145, -9.548748, 4.033503, 43.31784, 358.8479, 3.05, 0.54, 16.53878
2.611111, -12.29366, -9.548748, 43.31784, -12.29366, 1.276145, -9.548748, 4.033503, 43.31784, 358.8479, 3.05, 0.54, 16.53878
2.622222, -12.29366, -9.548748, 43.31784, -12.29366, 1.276145, -9.548748, 4.033503, 43.31784, 358.8479, 3.05, 0.54, 16.53878
2.633333, -12.29366, -9.65836, 43.31784, -12.29366, 1.276145, -9.65836, 4.033503, 43.31784, 358.8479, 3.05, 0.54, 16.57971
2.644444, -12.29366, -9.65836, 43.31784, -12.29366, 1.276145, -9.65836, 4.033503, 43.31784, 358.8479, 3.05, 0.54, 16.57971
2.655556, -12.29366, -9.65836, 43.31784, -12.29366, 1.276145, -9.65836, 4.033503, 43.31784, 358.8479, 3.05, 0.54, 16.57971
2.666667, -12.29366, -9.65836, 43.31784, -12.29366, 1.276145, -9.65836, 4.033503, 43.31784, 358.8479, 3.05, 0.54, 16.57971
2.677778, -12.29366, -9.65836, 43.31784, -12.29366, 1.276145, -9.65836, 4.033503, 43.31784, 358.8479, 3.05, 0.54, 16.57971
2.688889, -12.29366, -9.65836, 43.31784, -12.29366, 1.276145, -9.65836, 4.033503, 43.31784, 358.8479, 3.05, 0.54, 16.57971
2.7, -12.29366, -9.65836, 43.31784, -12.29366, 1.276145, -9.65836, 4.033503, 43.31784, 358.8479, 3.05, 0.54, 16.57971
2.711111, -12.29366, -9.65836, 43.31784, -12.29366, 1.276145, -9.65836, 4.033503, 43.31784, 358.8479, 3.05, 0.54, 16.57971
2.722222, -12.29366, -9.65836, 43.31784, -12.29366, 1.276145, -9.65836, 4.033503, 43.31784, 358.8479, 3.05, 0.54, 16.57971
2.733333, -12.29366, -9.69095, 43.31784, -12.29366, 1.276145, -9.69095, 4.033503, 43.31784, 358.8479, 3.05, 0.54, 16.592
2.744445, -12.29366, -9.69095, 43.31784, -12.29366, 1.276145, -9.69095, 4.033503, 43.31784, 358.8479, 3.05, 0.54, 16.592
2.755556, -12.29366, -9.69095, 43.31784, -12.29366, 1.276145, -9.69095, 4.033503, 43.31784, 358.8479, 3.05, 0.54, 16.592
2.766667, -12.29366, -9.69095, 43.31784, -12.29366, 1.276145, -9.69095, 4.033503, 43.31784, 358.8479, 3.05, 0.54, 16.592
2.777778, -12.29366, -9.69095, 43.31784, -12.29366, 1.276145, -9.69095, 4.033503, 43.31784, 358.8479, 3.05, 0.54, 16.592
2.788889, -12.29366, -9.69095, 43.31784, -12.29366, 1.276145, -9.69095, 4.033503, 43.31784, 358.8479, 3.05, 0.54, 16.592
2.8, -12.29366, -9.69095, 43.31784, -12.29366, 1.276145, -9.69095, 4.033503, 43.31784, 358.8479, 3.05, 0.54, 16.592
2.811111, -12.29366, -9.69095, 43.31784, -12.29366, 1.276145, -9.69095, 4.033503, 43.31784, 358.8479, 3.05, 0.54, 16.592
2.822222, -12.29366, -9.69095, 43.31784, -12.29366, 1.276145, -9.69095, 4.033503, 43.31784, 358.8479, 3.05, 0.54, 16.592
2.833333, -12.29366, -9.69095, 43.31784, -12.29366, 1.276145, -9.69095, 4.033503, 43.31784, 358.8479, 3.05, 0.54, 16.592
2.844445, -12.29366, -9.69095, 43.31784, -12.29366, 1.276145, -9.69095, 4.033503, 43.31784, 358.8479, 3.05, 0.54, 16.592
2.855556, -12.29366, -9.69095, 43.31784, -12.29366, 1.276145, -9.69095, 4.033503, 43.31784, 358.8479, 3.05, 0.54, 16.592
2.866667, -12.29366, -9.69095, 43.31784, -12.29366, 1.276145, -9.69095, 4.033503, 43.31784, 358.8479, 3.05, 0.54, 16.592
2.877778, -12.29366, -9.69095, 43.31784, -12.29366, 1.276145, -9.69095, 4.033503, 43.31784, 358.8479, 3.05, 0.54, 16.592
2.888889, -12.29366, -9.69095, 43.31784, -12.29366, 1.276145, -9.69095, 4.033503, 43.31784, 358.8479, 3.05, 0.54, 16.592
2.9, -12.29366, -9.69095, 43.31784, -12.29366, 1.276145, -9.69095, 4.033503, 43.31784, 358.8479, 3.05, 0.54, 16.592
2.911111, -12.29366, -9.69095, 43.31784, -12.29366, 1.276145, -9.69095, 4.033503, 43.31784, 358.8479, 3.05, 0.54, 16.592
2.922222, -12.29366, -9.69095, 43.31784, -12.29366, 1.276145, -9.69095, 4.033503, 43.31784, 358.8479, 3.05, 0.54, 16.592
2.933333, -12.29366, -9.69095, 43.31784, -12.29366, 1.276145, -9.69095, 4.033503, 43.31784, 358.8479, 3.05, 0.54, 16.592
2.944444, -12.29366, -9.69095, 43.31784, -12.29366, 1.276145, -9.69095, 4.033503, 43.31784, 358.8479, 3.05, 0.54, 16.592
2.955556, -12.29366, -9.69095, 43.31784, -12.29366, 1.276145, -9.69095, 4.033503, 43.31784, 358.8479, 3.05, 0.54, 16.592
2.966667, -12.29366, -9.69095, 43.31784, -12.29366, 1.276145, -9.69095, 4.033503, 43.31784, 358.8479, 3.05, 0.54, 16.592
2.977778, -12.29366, -9.69095, 43.31784, -12.29366, 1.276145, -9.69095, 4.033503, 43.31784, 358.8479, 3.05, 0.54, 16.592
2.988889, -12.29366, -9.69095, 43.31784, -12.29366, 1.276145, -9.69095, 4.033503, 43.31784, 358.8479, 3.05, 0.54, 16.592
3, -12.29366, -9.69095, 43.31784, -12.29366, 1.276145, -9.69095, 4.033503, 43.31784, 358.8479, 3.05, 0.54, 16.592
3.011111, -12.29366, -9.69095, 43.31784, -12.29366, 1.276145, -9.69095, 4.033503, 43.31784, 358.8479, 3.05, 0.54, 16.592
3.022222, -12.29366, -9.69095, 43.31784, -12.29366, 1.276145, -9.69095, 4.033503, 43.31784, 358.8479, 3.05, 0.54, 16.592
3.033333, -12.29366, -9.69095, 43.31784, -12.29366, 1.276145, -9.69095, 4.033503, 43.31784, 358.8479, 3.05, 0.54, 16.592
3.044445, -12.29366, -9.69095, 43.31784, -12.29366, 1.276145, -9.69095, 4.033503, 43.31784, 358.8479, 3.05, 0.54, 16.592
3.055556, -12.29366, -9.69095, 43.31784, -12.29366, 1.276145, -9.69095, 4.033503, 43.31784, 358.8479, 3.05, 0.54, 16.592
3.066667, -12.29366, -9.69095, 43.31784, -12.29366, 1.276145, -9.69095, 4.033503, 43.31784, 358.8479, 3.05, 0.54, 16.592
3.077778, -12.29366, -9.69095, 43.31784, -12.29366, 1.276145, -9.69095, 4.033503, 43.31784, 358.8479, 3.05, 0.54, 16.592
3.088889, -12.29366, -9.69095, 43.31784, -12.29366, 1.276145, -9.69095, 4.033503, 43.31784, 358.8479, 3.05, 0.54, 16.592
3.1, -12.29366, -9.69095, 43.31784, -12.29366, 1.276145, -9.69095, 4.033503, 43.31784, 358.8479, 3.05, 0.54, 16.592
3.111111, -12.29366, -9.69095, 43.31784, -12.29366, 1.276145, -9.69095, 4.033503, 43.31784, 358.8479, 3.05, 0.54, 16.592
3.122222, -12.29366, -9.69095, 43.31784, -12.29366, 1.276145, -9.69095, 4.033503, 43.31784, 358.8479, 3.05, 0.54, 16.592
3.133333, -12.29366, -9.69095, 43.31784, -12.29366, 1.276145, -9.69095, 4.033503, 43.31784, 358.8479, 3.05, 0.54, 16.592
3.144444, -12.29366, -9.69095, 43.31784, -12.29366, 1.276145, -9.69095, 4.033503, 43.31784, 358.8479, 3.05, 0.54, 16.592
3.155556, -12.29366, -9.69095, 43.31784, -12.29366, 1.276145, -9.69095, 4.033503, 43.31784, 358.8479, 3.05, 0.54, 16.592
3.166667, -12.29366, -9.69095, 43.31784, -12.29366, 1.276145, -9.69095, 4.033503, 43.31784, 358.8479, 3.05, 0.54, 16.592
3.177778, -12.29366, -9.69095, 43.31784, -12.29366, 1.276145, -9.69095, 4.033503, 43.31784, 358.8479, 3.05, 0.54, 16.592
3.188889, -12.29366, -9.69095, 43.31784, -12.29366, 1.276145, -9.69095, 4.033503, 43.31784, 358.8479, 3.05, 0.54, 16.592
3.2, -12.29366, -9.69095, 43.31784, -12.29366, 1.276145, -9.69095, 4.033503, 43.31784, 358.8479, 3.05, 0.54, 16.592
3.211111, -12.29366, -9.69095, 43.31784, -12.29366, 1.276145, -9.69095, 4.033503, 43.31784, 358.8479, 3.05, 0.54, 16.592
3.222222, -12.29366, -9.69095, 43.31784, -12.29366, 1.276145, -9.69095, 4.033503, 43.31784, 358.8479, 3.05, 0.54, 16.592
3.233333, -12.29366, -9.69095, 43.31784, -12.29366, 1.276145, -9.69095, 4.033503, 43.31784, 358.8479, 3.05, 0.54, 16.592
3.244445, -12.29366, -9.69095, 43.31784, -12.29366, 1.276145, -9.69095, 4.033503, 43.31784, 358.8479, 3.05, 0.54, 16.592
3.255556, -12.29366, -9.69095, 43.31784, -12.29366, 1.276145, -9.69095, 4.033503, 43.31784, 358.8479, 3.05, 0.54, 16.592
3.266667, -12.29366, -9.69095, 43.31784, -12.29366, 1.276145, -9.69095, 4.033503, 43.31784, 358.8479, 3.05, 0.54, 16.592
3.277778, -12.29366, -9.69095, 43.31784, -12.29366, 1.276145, -9.69095, 4.033503, 43.31784, 358.8479, 3.05, 0.54, 16.592
3.288889, -12.29366, -9.69095, 43.31784, -12.29366, 1.276145, -9.69095, 4.033503, 43.31784, 358.8479, 3.05, 0.54, 16.592
3.3, -12.29366, -9.69095, 43.31784, -12.29366, 1.276145, -9.69095, 4.033503, 43.31784, 358.8479, 3.05, 0.54, 16.592
3.311111, -12.29366, -9.69095, 43.31784, -12.29366, 1.276145, -9.69095, 4.033503, 43.31784, 358.8479, 3.05, 0.54, 16.592
3.322222, -12.29366, -9.69095, 43.31784, -12.29366, 1.276145, -9.69095, 4.033503, 43.31784, 358.8479, 3.05, 0.54, 16.592
3.333333, -12.29366, -9.69095, 43.31784, -12.29366, 1.276145, -9.69095, 4.033503, 43.31784, 358.8479, 3.05, 0.54, 16.592
3.344445, -12.29366, -9.69095, 43.31784, -12.29366, 1.276145, -9.69095, 4.033503, 43.31784, 358.8479, 3.05, 0.54, 16.592
3.355556, -12.29366, -9.69095, 43.31784, -12.29366, 1.276145, -9.69095, 4.033503, 43.31784, 358.8479, 3.05, 0.54, 16.592
3.366667, -12.29366, -9.69095, 43.31784, -12.29366, 1.276145, -9.69095, 4.033503, 43.31784, 358.8479, 3.05, 0.54, 16.592
3.377778, -12.29366, -9.69095, 43.31784, -12.29366, 1.276145, -9.69095, 4.033503, 43.31784, 358.8479, 3.05, 0.54, 16.592
3.388889, -12.29366, -9.69095, 43.31784, -12.29366, 1.276145, -9.69095, 4.033503, 43.31784, 358.8479, 3.05, 0.54, 16.592
3.4, -12.29366, -9.69095, 43.31784, -12.29366, 1.276145, -9.69095, 4.033503, 43.31784, 358.8479, 3.05, 0.54, 16.592
3.411111, -12.29366, -9.69095, 43.31784, -12.29366, 1.276145, -9.69095, 4.033503, 43.31784, 358.8479, 3.05, 0.54, 16.592
3.422222, -12.29366, -9.69095, 43.31784, -12.29366, 1.276145, -9.69095, 4.033503, 43.31784, 358.8479, 3.05, 0.54, 16.592
3.433333, -12.29366, -9.69095, 43.31784, -12.29366, 1.276145, -9.69095, 4.033503, 43.31784, 358.8479, 3.05, 0.54, 16.592
3.444444, -12.29366, -9.69095, 43.31784, -12.29366, 1.276145, -9.69095, 4.033503, 43.31784, 358.8479, 3.05, 0.54, 16.592
3.455556, -12.29366, -9.69095, 43.31784, -12.29366, 1.276145, -9.69095, 4.033503, 43.31784, 358.8479, 3.05, 0.54, 16.592
3.466667, -12.29366, -9.69095, 43.31784, -12.29366, 1.276145, -9.69095, 4.033503, 43.31784, 358.8479, 3.05, 0.54, 16.592
3.477778, -12.29366, -9.69095, 43.31784, -12.29366, 1.276145, -9.69095, 4.033503, 43.31784, 358.8479, 3.05, 0.54, 16.592
3.488889, -12.29366, -9.69095, 43.31784, -12.29366, 1.276145, -9.69095, 4.033503, 43.31784, 358.8479, 3.05, 0.54, 16.592
3.5, -12.29366, -9.69095, 43.31784, -12.29366, 1.276145, -9.69095, 4.033503, 43.31784, 358.8479, 3.05, 0.54, 16.592
3.511111, -12.29366, -9.69095, 43.31784, -12.29366, 1.276145, -9.69095, 4.033503, 43.31784, 358.8479, 3.05, 0.54, 16.592
3.522222, -12.29366, -9.69095, 43.31784, -12.29366, 1.276145, -9.69095, 4.033503, 43.31784, 358.8479, 3.05, 0.54, 16.592
3.533333, -12.29366, -9.69095, 43.31784, -12.29366, 1.276145, -9.69095, 4.033503, 43.31784, 358.8479, 3.05, 0.54, 16.592
3.544445, -12.29366, -9.69095, 43.31784, -12.29366, 1.276145, -9.69095, 4.033503, 43.31784, 358.8479, 3.05, 0.54, 16.592
3.555556, -12.29366, -9.69095, 43.31784, -12.29366, 1.276145, -9.69095, 4.033503, 43.31784, 358.8479, 3.05, 0.54, 16.592
3.566667, -12.29366, -9.69095, 43.31784, -12.29366, 1.276145, -9.69095, 4.033503, 43.31784, 358.8479, 3.05, 0.54, 16.592
3.577778, -12.29366, -9.69095, 43.31784, -12.29366, 1.276145, -9.69095, 4.033503, 43.31784, 358.8479, 3.05, 0.54, 16.592
3.588889, -12.29366, -9.69095, 43.31784, -12.29366, 1.276145, -9.69095, 4.033503, 43.31784, 358.8479, 3.05, 0.54, 16.592
3.6, -12.29366, -9.69095, 43.31784, -12.29366, 1.276145, -9.69095, 4.033503, 43.31784, 358.8479, 3.05, 0.54, 16.592
3.611111, -12.29366, -9.69095, 43.31784, -12.29366, 1.276145, -9.69095, 4.033503, 43.31784, 358.8479, 3.05, 0.54, 16.592
3.622222, -12.29366, -9.69095, 43.31784, -12.29366, 1.276145, -9.69095, 4.033503, 43.31784, 358.8479, 3.05, 0.54, 16.592
3.633333, -12.29366, -9.69095, 43.31784, -12.29366, 1.276145, -9.69095, 4.033503, 43.31784, 358.8479, 3.05, 0.54, 16.592
3.644444, -12.29366, -9.69095, 43.31784, -12.29366, 1.276145, -9.69095, 4.033503, 43.31784, 358.8479, 3.05, 0.54, 16.592
3.655556, -12.29366, -9.69095, 43.31784, -12.29366, 1.276145, -9.69095, 4.033503, 43.31784, 358.8479, 3.05, 0.54, 16.592
3.666667, -12.29366, -9.69095, 43.31784, -12.29366, 1.276145, -9.69095, 4.033503, 43.31784, 358.8479, 3.05, 0.54, 16.592
3.677778, -12.29366, -9.69095, 43.31784, -12.29366, 1.276145, -9.69095, 4.033503, 43.31784, 358.8479, 3.05, 0.54, 16.592
3.688889, -12.29366, -9.69095, 43.31784, -12.29366, 1.276145, -9.69095, 4.033503, 43.31784, 358.8479, 3.05, 0.54, 16.592
3.7, -12.29366, -9.69095, 43.31784, -12.29366, 1.276145, -9.69095, 4.033503, 43.31784, 358.8479, 3.05, 0.54, 16.592
3.711111, -12.29366, -9.69095, 43.31784, -12.29366, 1.276145, -9.69095, 4.033503, 43.31784, 358.8479, 3.05, 0.54, 16.592
3.722222, -12.29366, -9.69095, 43.31784, -12.29366, 1.276145, -9.69095, 4.033503, 43.31784, 358.8479, 3.05, 0.54, 16.592
3.733333, -12.29366, -9.69095, 43.31784, -12.29366, 1.276145, -9.69095, 4.033503, 43.31784, 358.8479, 3.05, 0.54, 16.592
3.744445, -12.29366, -9.69095, 43.31784, -12.29366, 1.276145, -9.69095, 4.033503, 43.31784, 358.8479, 3.05, 0.54, 16.592
3.755556, -12.29366, -9.69095, 43.31784, -12.29366, 1.276145, -9.69095, 4.033503, 43.31784, 358.8479, 3.05, 0.54, 16.592
3.766667, -12.29366, -9.69095, 43.31784, -12.29366, 1.276145, -9.69095, 4.033503, 43.31784, 358.8479, 3.05, 0.54, 16.592
3.777778, -12.29366, -9.69095, 43.31784, -12.29366, 1.276145, -9.69095, 4.033503, 43.31784, 358.8479, 3.05, 0.54, 16.592
3.788889, -12.29366, -9.69095, 43.31784, -12.29366, 1.276145, -9.69095, 4.033503, 43.31784, 358.8479, 3.05, 0.54, 16.592
3.8, -12.29366, -9.69095, 43.31784, -12.29366, 1.276145, -9.69095, 4.033503, 43.31784, 358.8479, 3.05, 0.54, 16.592
3.811111, -12.29366, -9.69095, 43.31784, -12.29366, 1.276145, -9.69095, 4.033503, 43.31784, 358.8479, 3.05, 0.54, 16.592
3.822222, -12.29366, -9.69095, 43.31784, -12.29366, 1.276145, -9.69095, 4.033503, 43.31784, 358.8479, 3.05, 0.54, 16.592
3.833333, -12.29366, -9.69095, 43.31784, -12.29366, 1.276145, -9.69095, 4.033503, 43.31784, 358.8479, 3.05, 0.54, 16.592
3.844445, -12.29366, -9.69095, 43.31784, -12.29366, 1.276145, -9.69095, 4.033503, 43.31784, 358.8479, 3.05, 0.54, 16.592
3.855556, -12.29366, -9.69095, 43.31784, -12.29366, 1.276145, -9.69095, 4.033503, 43.31784, 358.8479, 3.05, 0.54, 16.592
3.866667, -12.29366, -9.69095, 43.31784, -12.29366, 1.276145, -9.69095, 4.033503, 43.31784, 358.8479, 3.05, 0.54, 16.592
3.877778, -12.29366, -9.69095, 43.31784, -12.29366, 1.276145, -9.69095, 4.033503, 43.31784, 358.8479, 3.05, 0.54, 16.592
3.888889, -12.29366, -9.69095, 43.31784, -12.29366, 1.276145, -9.69095, 4.033503, 43.31784, 358.8479, 3.05, 0.54, 16.592
3.9, -12.29366, -9.69095, 43.31784, -12.29366, 1.276145, -9.69095, 4.033503, 43.31784, 358.8479, 3.05, 0.54, 16.592
3.911111, -12.29366, -9.69095, 43.31784, -12.29366, 1.276145, -9.69095, 4.033503, 43.31784, 358.8479, 3.05, 0.54, 16.592
3.922222, -12.29366, -9.69095, 43.31784, -12.29366, 1.276145, -9.69095, 4.033503, 43.31784, 358.8479, 3.05, 0.54, 16.592
3.933333, -12.29366, -9.69095, 43.31784, -12.29366, 1.276145, -9.69095, 4.033503, 43.31784, 358.8479, 3.05, 0.54, 16.592
3.944445, -12.29366, -9.69095, 43.31784, -12.29366, 1.276145, -9.69095, 4.033503, 43.31784, 358.8479, 3.05, 0.54, 16.592
3.955556, -12.29366, -9.69095, 43.31784, -12.29366, 1.276145, -9.69095, 4.033503, 43.31784, 358.8479, 3.05, 0.54, 16.592
3.966667, -12.29366, -9.69095, 43.31784, -12.29366, 1.276145, -9.69095, 4.033503, 43.31784, 358.8479, 3.05, 0.54, 16.592
3.977778, -12.29366, -9.69095, 43.31784, -12.29366, 1.276145, -9.69095, 4.033503, 43.31784, 358.8479, 3.05, 0.54, 16.592
3.988889, -12.29366, -9.69095, 43.31784, -12.29366, 1.276145, -9.69095, 4.033503, 43.31784, 358.8479, 3.05, 0.54, 16.592
4, -12.29366, -9.69095, 43.31784, -12.29366, 1.276145, -9.69095, 4.033503, 43.31784, 358.8479, 3.05, 0.54, 16.592
4.011111, -12.29366, -9.69095, 43.31784, -12.29366, 1.276145, -9.69095, 4.033503, 43.31784, 358.8479, 3.05, 0.54, 16.592
4.022223, -12.29366, -9.69095, 43.31784, -12.29366, 1.276145, -9.69095, 4.033503, 43.31784, 358.8479, 3.05, 0.54, 16.592
4.033333, -12.29366, -9.69095, 43.31784, -12.29366, 1.276145, -9.69095, 4.033503, 43.31784, 358.8479, 3.05, 0.54, 16.592
4.044445, -12.29366, -9.69095, 43.31784, -12.29366, 1.276145, -9.69095, 4.033503, 43.31784, 358.8479, 3.05, 0.54, 16.592
4.055556, -12.29366, -9.69095, 43.31784, -12.29366, 1.276145, -9.69095, 4.033503, 43.31784, 358.8479, 3.05, 0.54, 16.592
4.066667, -12.29366, -9.69095, 43.31784, -12.29366, 1.276145, -9.69095, 4.033503, 43.31784, 358.8479, 3.05, 0.54, 16.592
4.077778, -12.29366, -9.69095, 43.31784, -12.29366, 1.276145, -9.69095, 4.033503, 43.31784, 358.8479, 3.05, 0.54, 16.592
4.088889, -12.29366, -9.69095, 43.31784, -12.29366, 1.276145, -9.69095, 4.033503, 43.31784, 358.8479, 3.05, 0.54, 16.592
4.1, -12.29366, -9.69095, 43.31784, -12.29366, 1.276145, -9.69095, 4.033503, 43.31784, 358.8479, 3.05, 0.54, 16.592
4.111111, -12.29366, -9.69095, 43.31784, -12.29366, 1.276145, -9.69095, 4.033503, 43.31784, 358.8479, 3.05, 0.54, 16.592
4.122222, -12.29366, -9.69095, 43.31784, -12.29366, 1.276145, -9.69095, 4.033503, 43.31784, 358.8479, 3.05, 0.54, 16.592
4.133333, -12.29366, -9.69095, 43.31784, -12.29366, 1.276145, -9.69095, 4.033503, 43.31784, 358.8479, 3.05, 0.54, 16.592
4.144444, -12.29366, -9.69095, 43.31784, -12.29366, 1.276145, -9.69095, 4.033503, 43.31784, 358.8479, 3.05, 0.54, 16.592
4.155556, -12.29366, -9.69095, 43.31784, -12.29366, 1.276145, -9.69095, 4.033503, 43.31784, 358.8479, 3.05, 0.54, 16.592
4.166667, -12.29366, -9.69095, 43.31784, -12.29366, 1.276145, -9.69095, 4.033503, 43.31784, 358.8479, 3.05, 0.54, 16.592
4.177778, -12.29366, -9.69095, 43.31784, -12.29366, 1.276145, -9.69095, 4.033503, 43.31784, 358.8479, 3.05, 0.54, 16.592
4.188889, -12.29366, -9.69095, 43.31784, -12.29366, 1.276145, -9.69095, 4.033503, 43.31784, 358.8479, 3.05, 0.54, 16.592
4.2, -12.29366, -9.69095, 43.31784, -12.29366, 1.276145, -9.69095, 4.033503, 43.31784, 358.8479, 3.05, 0.54, 16.592
4.211111, -12.29366, -9.69095, 43.31784, -12.29366, 1.276145, -9.69095, 4.033503, 43.31784, 358.8479, 3.05, 0.54, 16.592
4.222222, -12.29366, -9.69095, 43.31784, -12.29366, 1.276145, -9.69095, 4.033503, 43.31784, 358.8479, 3.05, 0.54, 16.592
4.233334, -12.29366, -9.69095, 43.31784, -12.29366, 1.276145, -9.69095, 4.033503, 43.31784, 358.8479, 3.05, 0.54, 16.592
4.244444, -12.29366, -9.69095, 43.31784, -12.29366, 1.276145, -9.69095, 4.033503, 43.31784, 358.8479, 3.05, 0.54, 16.592
4.255556, -12.29366, -9.69095, 43.31784, -12.29366, 1.276145, -9.69095, 4.033503, 43.31784, 358.8479, 3.05, 0.54, 16.592
4.266667, -12.29366, -9.69095, 43.31784, -12.29366, 1.276145, -9.69095, 4.033503, 43.31784, 358.8479, 3.05, 0.54, 16.592
4.277778, -12.29366, -9.69095, 43.31784, -12.29366, 1.276145, -9.69095, 4.033503, 43.31784, 358.8479, 3.05, 0.54, 16.592
4.288889, -12.29366, -9.69095, 43.31784, -12.29366, 1.276145, -9.69095, 4.033503, 43.31784, 358.8479, 3.05, 0.54, 16.592
4.3, -12.29366, -9.69095, 43.31784, -12.29366, 1.276145, -9.69095, 4.033503, 43.31784, 358.8479, 3.05, 0.54, 16.592
4.311111, -12.29366, -9.69095, 43.31784, -12.29366, 1.276145, -9.69095, 4.033503, 43.31784, 358.8479, 3.05, 0.54, 16.592
4.322222, -12.29366, -9.69095, 43.31784, -12.29366, 1.276145, -9.69095, 4.033503, 43.31784, 358.8479, 3.05, 0.54, 16.592
4.333333, -12.29366, -9.69095, 43.31784, -12.29366, 1.276145, -9.69095, 4.033503, 43.31784, 358.8479, 3.05, 0.54, 16.592
4.344445, -12.29366, -9.69095, 43.31784, -12.29366, 1.276145, -9.69095, 4.033503, 43.31784, 358.8479, 3.05, 0.54, 16.592
4.355556, -12.29366, -9.69095, 43.31784, -12.29366, 1.276145, -9.69095, 4.033503, 43.31784, 358.8479, 3.05, 0.54, 16.592
4.366667, -12.29366, -9.69095, 43.31784, -12.29366, 1.276145, -9.69095, 4.033503, 43.31784, 358.8479, 3.05, 0.54, 16.592
4.377778, -12.29366, -9.69095, 43.31784, -12.29366, 1.276145, -9.69095, 4.033503, 43.31784, 358.8479, 3.05, 0.54, 16.592
4.388889, -12.29366, -9.69095, 43.31784, -12.29366, 1.276145, -9.69095, 4.033503, 43.31784, 358.8479, 3.05, 0.54, 16.592
4.4, -12.29366, -9.69095, 43.31784, -12.29366, 1.276145, -9.69095, 4.033503, 43.31784, 358.8479, 3.05, 0.54, 16.592
4.411111, -12.29366, -9.69095, 43.31784, -12.29366, 1.276145, -9.69095, 4.033503, 43.31784, 358.8479, 3.05, 0.54, 16.592
4.422222, -12.29366, -9.69095, 43.31784, -12.29366, 1.276145, -9.69095, 4.033503, 43.31784, 358.8479, 3.05, 0.54, 16.592
4.433333, -12.29366, -9.69095, 43.31784, -12.29366, 1.276145, -9.69095, 4.033503, 43.31784, 358.8479, 3.05, 0.54, 16.592
4.444445, -12.29366, -9.69095, 43.31784, -12.29366, 1.276145, -9.69095, 4.033503, 43.31784, 358.8479, 3.05, 0.54, 16.592
4.455555, -12.29366, -9.69095, 43.31784, -12.29366, 1.276145, -9.69095, 4.033503, 43.31784, 358.8479, 3.05, 0.54, 16.592
4.466667, -12.29366, -9.69095, 43.31784, -12.29366, 1.276145, -9.69095, 4.033503, 43.31784, 358.8479, 3.05, 0.54, 16.592
4.477778, -12.29366, -9.69095, 43.31784, -12.29366, 1.276145, -9.69095, 4.033503, 43.31784, 358.8479, 3.05, 0.54, 16.592
4.488889, -12.29366, -9.69095, 43.31784, -12.29366, 1.276145, -9.69095, 4.033503, 43.31784, 358.8479, 3.05, 0.54, 16.592
4.5, -12.29366, -9.69095, 43.31784, -12.29366, 1.276145, -9.69095, 4.033503, 43.31784, 358.8479, 3.05, 0.54, 16.592
4.511111, -12.29366, -9.69095, 43.31784, -12.29366, 1.276145, -9.69095, 4.033503, 43.31784, 358.8479, 3.05, 0.54, 16.592
4.522223, -12.29366, -9.69095, 43.31784, -12.29366, 1.276145, -9.69095, 4.033503, 43.31784, 358.8479, 3.05, 0.54, 16.592
4.533333, -12.29366, -9.69095, 43.31784, -12.29366, 1.276145, -9.69095, 4.033503, 43.31784, 358.8479, 3.05, 0.54, 16.592
4.544445, -12.29366, -9.69095, 43.31784, -12.29366, 1.276145, -9.69095, 4.033503, 43.31784, 358.8479, 3.05, 0.54, 16.592
4.555556, -12.29366, -9.69095, 43.31784, -12.29366, 1.276145, -9.69095, 4.033503, 43.31784, 358.8479, 3.05, 0.54, 16.592
4.566667, -12.29366, -9.69095, 43.31784, -12.29366, 1.276145, -9.69095, 4.033503, 43.31784, 358.8479, 3.05, 0.54, 16.592
4.577778, -12.29366, -9.69095, 43.31784, -12.29366, 1.276145, -9.69095, 4.033503, 43.31784, 358.8479, 3.05, 0.54, 16.592
4.588889, -12.29366, -9.69095, 43.31784, -12.29366, 1.276145, -9.69095, 4.033503, 43.31784, 358.8479, 3.05, 0.54, 16.592
4.6, -12.29366, -9.69095, 43.31784, -12.29366, 1.276145, -9.69095, 4.033503, 43.31784, 358.8479, 3.05, 0.54, 16.592
4.611111, -12.29366, -9.69095, 43.31784, -12.29366, 1.276145, -9.69095, 4.033503, 43.31784, 358.8479, 3.05, 0.54, 16.592
4.622222, -12.29366, -9.69095, 43.31784, -12.29366, 1.276145, -9.69095, 4.033503, 43.31784, 358.8479, 3.05, 0.54, 16.592
4.633334, -12.29366, -9.69095, 43.31784, -12.29366, 1.276145, -9.69095, 4.033503, 43.31784, 358.8479, 3.05, 0.54, 16.592
4.644444, -12.29366, -9.69095, 43.31784, -12.29366, 1.276145, -9.69095, 4.033503, 43.31784, 358.8479, 3.05, 0.54, 16.592
4.655556, -12.29366, -9.69095, 43.31784, -12.29366, 1.276145, -9.69095, 4.033503, 43.31784, 358.8479, 3.05, 0.54, 16.592
4.666667, -12.29366, -9.69095, 43.31784, -12.29366, 1.276145, -9.69095, 4.033503, 43.31784, 358.8479, 3.05, 0.54, 16.592
4.677778, -12.29366, -9.69095, 43.31784, -12.29366, 1.276145, -9.69095, 4.033503, 43.31784, 358.8479, 3.05, 0.54, 16.592
4.688889, -12.29366, -9.69095, 43.31784, -12.29366, 1.276145, -9.69095, 4.033503, 43.31784, 358.8479, 3.05, 0.54, 16.592
4.7, -12.29366, -9.69095, 43.31784, -12.29366, 1.276145, -9.69095, 4.033503, 43.31784, 358.8479, 3.05, 0.54, 16.592
4.711111, -12.29366, -9.69095, 43.31784, -12.29366, 1.276145, -9.69095, 4.033503, 43.31784, 358.8479, 3.05, 0.54, 16.592
4.722222, -12.29366, -9.69095, 43.31784, -12.29366, 1.276145, -9.69095, 4.033503, 43.31784, 358.8479, 3.05, 0.54, 16.592
4.733334, -12.29366, -9.69095, 43.31784, -12.29366, 1.276145, -9.69095, 4.033503, 43.31784, 358.8479, 3.05, 0.54, 16.592
4.744444, -12.29366, -9.69095, 43.31784, -12.29366, 1.276145, -9.69095, 4.033503, 43.31784, 358.8479, 3.05, 0.54, 16.592
4.755556, -12.29366, -9.69095, 43.31784, -12.29366, 1.276145, -9.69095, 4.033503, 43.31784, 358.8479, 3.05, 0.54, 16.592
4.766667, -12.29366, -9.69095, 43.31784, -12.29366, 1.276145, -9.69095, 4.033503, 43.31784, 358.8479, 3.05, 0.54, 16.592
4.777778, -12.29366, -9.69095, 43.31784, -12.29366, 1.276145, -9.69095, 4.033503, 43.31784, 358.8479, 3.05, 0.54, 16.592
4.788889, -12.29366, -9.69095, 43.31784, -12.29366, 1.276145, -9.69095, 4.033503, 43.31784, 358.8479, 3.05, 0.54, 16.592
4.8, -12.29366, -9.69095, 43.31784, -12.29366, 1.276145, -9.69095, 4.033503, 43.31784, 358.8479, 3.05, 0.54, 16.592
4.811111, -12.29366, -9.69095, 43.31784, -12.29366, 1.276145, -9.69095, 4.033503, 43.31784, 358.8479, 3.05, 0.54, 16.592
4.822222, -12.29366, -9.69095, 43.31784, -12.29366, 1.276145, -9.69095, 4.033503, 43.31784, 358.8479, 3.05, 0.54, 16.592
4.833333, -12.29366, -9.69095, 43.31784, -12.29366, 1.276145, -9.69095, 4.033503, 43.31784, 358.8479, 3.05, 0.54, 16.592
4.844445, -12.29366, -9.69095, 43.31784, -12.29366, 1.276145, -9.69095, 4.033503, 43.31784, 358.8479, 3.05, 0.54, 16.592
4.855556, -12.29366, -9.69095, 43.31784, -12.29366, 1.276145, -9.69095, 4.033503, 43.31784, 358.8479, 3.05, 0.54, 16.592
4.866667, -12.29366, -9.69095, 43.31784, -12.29366, 1.276145, -9.69095, 4.033503, 43.31784, 358.8479, 3.05, 0.54, 16.592
4.877778, -12.29366, -9.69095, 43.31784, -12.29366, 1.276145, -9.69095, 4.033503, 43.31784, 358.8479, 3.05, 0.54, 16.592
4.888889, -12.29366, -9.69095, 43.31784, -12.29366, 1.276145, -9.69095, 4.033503, 43.31784, 358.8479, 3.05, 0.54, 16.592
4.9, -12.29366, -9.69095, 43.31784, -12.29366, 1.276145, -9.69095, 4.033503, 43.31784, 358.8479, 3.05, 0.54, 16.592
4.911111, -12.29366, -9.69095, 43.31784, -12.29366, 1.276145, -9.69095, 4.033503, 43.31784, 358.8479, 3.05, 0.54, 16.592
4.922222, -12.29366, -9.69095, 43.31784, -12.29366, 1.276145, -9.69095, 4.033503, 43.31784, 358.8479, 3.05, 0.54, 16.592
4.933333, -12.29366, -9.69095, 43.31784, -12.29366, 1.276145, -9.69095, 4.033503, 43.31784, 358.8479, 3.05, 0.54, 16.592
4.944445, -12.29366, -9.69095, 43.31784, -12.29366, 1.276145, -9.69095, 4.033503, 43.31784, 358.8479, 3.05, 0.54, 16.592
4.955555, -12.29366, -9.69095, 43.31784, -12.29366, 1.276145, -9.69095, 4.033503, 43.31784, 358.8479, 3.05, 0.54, 16.592
4.966667, -12.29366, -9.69095, 43.31784, -12.29366, 1.276145, -9.69095, 4.033503, 43.31784, 358.8479, 3.05, 0.54, 16.592
4.977778, -12.29366, -9.69095, 43.31784, -12.29366, 1.276145, -9.69095, 4.033503, 43.31784, 358.8479, 3.05, 0.54, 16.592
4.988889, -12.29366, -9.69095, 43.31784, -12.29366, 1.276145, -9.69095, 4.033503, 43.31784, 358.8479, 3.05, 0.54, 16.592
5, -12.29366, -9.69095, 43.31784, -12.29366, 1.276145, -9.69095, 4.033503, 43.31784, 358.8479, 3.05, 0.54, 16.592
5.011111, -12.29366, -9.69095, 43.31784, -12.29366, 1.276145, -9.69095, 4.033503, 43.31784, 358.8479, 3.05, 0.54, 16.592
5.022223, -12.29366, -9.69095, 43.31784, -12.29366, 1.276145, -9.69095, 4.033503, 43.31784, 358.8479, 3.05, 0.54, 16.592
5.033333, -12.29366, -9.69095, 43.31784, -12.29366, 1.276145, -9.69095, 4.033503, 43.31784, 358.8479, 3.05, 0.54, 16.592
5.044445, -12.29366, -9.69095, 43.31784, -12.29366, 1.276145, -9.69095, 4.033503, 43.31784, 358.8479, 3.05, 0.54, 16.592
5.055556, -12.29366, -9.69095, 43.31784, -12.29366, 1.276145, -9.69095, 4.033503, 43.31784, 358.8479, 3.05, 0.54, 16.592
5.066667, -12.29366, -9.69095, 43.31784, -12.29366, 1.276145, -9.69095, 4.033503, 43.31784, 358.8479, 3.05, 0.54, 16.592
5.077778, -12.29366, -9.69095, 43.31784, -12.29366, 1.276145, -9.69095, 4.033503, 43.31784, 358.8479, 3.05, 0.54, 16.592
5.088889, -12.29366, -9.69095, 43.31784, -12.29366, 1.276145, -9.69095, 4.033503, 43.31784, 358.8479, 3.05, 0.54, 16.592
5.1, -12.29366, -9.69095, 43.31784, -12.29366, 1.276145, -9.69095, 4.033503, 43.31784, 358.8479, 3.05, 0.54, 16.592
5.111111, -12.29366, -9.69095, 43.31784, -12.29366, 1.276145, -9.69095, 4.033503, 43.31784, 358.8479, 3.05, 0.54, 16.592
5.122222, -12.29366, -9.69095, 43.31784, -12.29366, 1.276145, -9.69095, 4.033503, 43.31784, 358.8479, 3.05, 0.54, 16.592
5.133334, -12.29366, -9.69095, 43.31784, -12.29366, 1.276145, -9.69095, 4.033503, 43.31784, 358.8479, 3.05, 0.54, 16.592
5.144444, -12.29366, -9.69095, 43.31784, -12.29366, 1.276145, -9.69095, 4.033503, 43.31784, 358.8479, 3.05, 0.54, 16.592
5.155556, -12.29366, -9.69095, 43.31784, -12.29366, 1.276145, -9.69095, 4.033503, 43.31784, 358.8479, 3.05, 0.54, 16.592
5.166667, -12.29366, -9.69095, 43.31784, -12.29366, 1.276145, -9.69095, 4.033503, 43.31784, 358.8479, 3.05, 0.54, 16.592
5.177778, -12.29366, -9.69095, 43.31784, -12.29366, 1.276145, -9.69095, 4.033503, 43.31784, 358.8479, 3.05, 0.54, 16.592
5.188889, -12.29366, -9.69095, 43.31784, -12.29366, 1.276145, -9.69095, 4.033503, 43.31784, 358.8479, 3.05, 0.54, 16.592
5.2, -12.29366, -9.69095, 43.31784, -12.29366, 1.276145, -9.69095, 4.033503, 43.31784, 358.8479, 3.05, 0.54, 16.592
5.211111, -12.29366, -9.69095, 43.31784, -12.29366, 1.276145, -9.69095, 4.033503, 43.31784, 358.8479, 3.05, 0.54, 16.592
5.222222, -12.29366, -9.69095, 43.31784, -12.29366, 1.276145, -9.69095, 4.033503, 43.31784, 358.8479, 3.05, 0.54, 16.592
5.233334, -12.29366, -9.69095, 43.31784, -12.29366, 1.276145, -9.69095, 4.033503, 43.31784, 358.8479, 3.05, 0.54, 16.592
5.244444, -12.29366, -9.69095, 43.31784, -12.29366, 1.276145, -9.69095, 4.033503, 43.31784, 358.8479, 3.05, 0.54, 16.592
5.255556, -12.29366, -9.69095, 43.31784, -12.29366, 1.276145, -9.69095, 4.033503, 43.31784, 358.8479, 3.05, 0.54, 16.592
5.266667, -12.29366, -9.69095, 43.31784, -12.29366, 1.276145, -9.69095, 4.033503, 43.31784, 358.8479, 3.05, 0.54, 16.592
5.277778, -12.29366, -9.69095, 43.31784, -12.29366, 1.276145, -9.69095, 4.033503, 43.31784, 358.8479, 3.05, 0.54, 16.592
5.288889, -12.29366, -9.69095, 43.31784, -12.29366, 1.276145, -9.69095, 4.033503, 43.31784, 358.8479, 3.05, 0.54, 16.592
5.3, -12.29366, -9.69095, 43.31784, -12.29366, 1.276145, -9.69095, 4.033503, 43.31784, 358.8479, 3.05, 0.54, 16.592
5.311111, -12.29366, -9.69095, 43.31784, -12.29366, 1.276145, -9.69095, 4.033503, 43.31784, 358.8479, 3.05, 0.54, 16.592
5.322222, -12.29366, -9.69095, 43.31784, -12.29366, 1.276145, -9.69095, 4.033503, 43.31784, 358.8479, 3.05, 0.54, 16.592
5.333333, -12.29366, -9.69095, 43.31784, -12.29366, 1.276145, -9.69095, 4.033503, 43.31784, 358.8479, 3.05, 0.54, 16.592
5.344445, -12.29366, -9.69095, 43.31784, -12.29366, 1.276145, -9.69095, 4.033503, 43.31784, 358.8479, 3.05, 0.54, 16.592
5.355556, -12.29366, -9.69095, 43.31784, -12.29366, 1.276145, -9.69095, 4.033503, 43.31784, 358.8479, 3.05, 0.54, 16.592
5.366667, -12.29366, -9.69095, 43.31784, -12.29366, 1.276145, -9.69095, 4.033503, 43.31784, 358.8479, 3.05, 0.54, 16.592
5.377778, -12.29366, -9.69095, 43.31784, -12.29366, 1.276145, -9.69095, 4.033503, 43.31784, 358.8479, 3.05, 0.54, 16.592
5.388889, -12.29366, -9.69095, 43.31784, -12.29366, 1.276145, -9.69095, 4.033503, 43.31784, 358.8479, 3.05, 0.54, 16.592
5.4, -12.29366, -9.69095, 43.31784, -12.29366, 1.276145, -9.69095, 4.033503, 43.31784, 358.8479, 3.05, 0.54, 16.592
5.411111, -12.29366, -9.69095, 43.31784, -12.29366, 1.276145, -9.69095, 4.033503, 43.31784, 358.8479, 3.05, 0.54, 16.592
5.422222, -12.29366, -9.69095, 43.31784, -12.29366, 1.276145, -9.69095, 4.033503, 43.31784, 358.8479, 3.05, 0.54, 16.592
5.433333, -12.29366, -9.69095, 43.31784, -12.29366, 1.276145, -9.69095, 4.033503, 43.31784, 358.8479, 3.05, 0.54, 16.592
5.444445, -12.29366, -9.69095, 43.31784, -12.29366, 1.276145, -9.69095, 4.033503, 43.31784, 358.8479, 3.05, 0.54, 16.592
5.455556, -12.29366, -9.69095, 43.31784, -12.29366, 1.276145, -9.69095, 4.033503, 43.31784, 358.8479, 3.05, 0.54, 16.592
5.466667, -12.29366, -9.69095, 43.31784, -12.29366, 1.276145, -9.69095, 4.033503, 43.31784, 358.8479, 3.05, 0.54, 16.592
5.477778, -12.29366, -9.69095, 43.31784, -12.29366, 1.276145, -9.69095, 4.033503, 43.31784, 358.8479, 3.05, 0.54, 16.592
5.488889, -12.29366, -9.69095, 43.31784, -12.29366, 1.276145, -9.69095, 4.033503, 43.31784, 358.8479, 3.05, 0.54, 16.592
5.5, -12.29366, -9.69095, 43.31784, -12.29366, 1.276145, -9.69095, 4.033503, 43.31784, 358.8479, 3.05, 0.54, 16.592
5.511111, -12.29366, -9.69095, 43.31784, -12.29366, 1.276145, -9.69095, 4.033503, 43.31784, 358.8479, 3.05, 0.54, 16.592
5.522223, -12.29366, -9.69095, 43.31784, -12.29366, 1.276145, -9.69095, 4.033503, 43.31784, 358.8479, 3.05, 0.54, 16.592
5.533333, -12.29366, -9.69095, 43.31784, -12.29366, 1.276145, -9.69095, 4.033503, 43.31784, 358.8479, 3.05, 0.54, 16.592
5.544445, -12.29366, -9.69095, 43.31784, -12.29366, 1.276145, -9.69095, 4.033503, 43.31784, 358.8479, 3.05, 0.54, 16.592
5.555556, -12.29366, -9.69095, 43.31784, -12.29366, 1.276145, -9.69095, 4.033503, 43.31784, 358.8479, 3.05, 0.54, 16.592
5.566667, -12.29366, -9.69095, 43.31784, -12.29366, 1.276145, -9.69095, 4.033503, 43.31784, 358.8479, 3.05, 0.54, 16.592
5.577778, -12.29366, -9.69095, 43.31784, -12.29366, 1.276145, -9.69095, 4.033503, 43.31784, 358.8479, 3.05, 0.54, 16.592
5.588889, -12.29366, -9.69095, 43.31784, -12.29366, 1.276145, -9.69095, 4.033503, 43.31784, 358.8479, 3.05, 0.54, 16.592
5.6, -12.29366, -9.69095, 43.31784, -12.29366, 1.276145, -9.69095, 4.033503, 43.31784, 358.8479, 3.05, 0.54, 16.592
5.611111, -12.29366, -9.69095, 43.31784, -12.29366, 1.276145, -9.69095, 4.033503, 43.31784, 358.8479, 3.05, 0.54, 16.592
5.622222, -12.29366, -9.69095, 43.31784, -12.29366, 1.276145, -9.69095, 4.033503, 43.31784, 358.8479, 3.05, 0.54, 16.592
5.633334, -12.29366, -9.69095, 43.31784, -12.29366, 1.276145, -9.69095, 4.033503, 43.31784, 358.8479, 3.05, 0.54, 16.592
5.644444, -12.29366, -9.69095, 43.31784, -12.29366, 1.276145, -9.69095, 4.033503, 43.31784, 358.8479, 3.05, 0.54, 16.592
5.655556, -12.29366, -9.69095, 43.31784, -12.29366, 1.276145, -9.69095, 4.033503, 43.31784, 358.8479, 3.05, 0.54, 16.592
5.666667, -12.29366, -9.69095, 43.31784, -12.29366, 1.276145, -9.69095, 4.033503, 43.31784, 358.8479, 3.05, 0.54, 16.592
5.677778, -12.29366, -9.69095, 43.31784, -12.29366, 1.276145, -9.69095, 4.033503, 43.31784, 358.8479, 3.05, 0.54, 16.592
5.688889, -12.29366, -9.69095, 43.31784, -12.29366, 1.276145, -9.69095, 4.033503, 43.31784, 358.8479, 3.05, 0.54, 16.592
5.7, -12.29366, -9.69095, 43.31784, -12.29366, 1.276145, -9.69095, 4.033503, 43.31784, 358.8479, 3.05, 0.54, 16.592
5.711111, -12.29366, -9.69095, 43.31784, -12.29366, 1.276145, -9.69095, 4.033503, 43.31784, 358.8479, 3.05, 0.54, 16.592
5.722222, -12.29366, -9.69095, 43.31784, -12.29366, 1.276145, -9.69095, 4.033503, 43.31784, 358.8479, 3.05, 0.54, 16.592
5.733334, -12.29366, -9.69095, 43.31784, -12.29366, 1.276145, -9.69095, 4.033503, 43.31784, 358.8479, 3.05, 0.54, 16.592
5.744444, -12.29366, -9.69095, 43.31784, -12.29366, 1.276145, -9.69095, 4.033503, 43.31784, 358.8479, 3.05, 0.54, 16.592
5.755556, -12.29366, -9.69095, 43.31784, -12.29366, 1.276145, -9.69095, 4.033503, 43.31784, 358.8479, 3.05, 0.54, 16.592
5.766667, -12.29366, -9.69095, 43.31784, -12.29366, 1.276145, -9.69095, 4.033503, 43.31784, 358.8479, 3.05, 0.54, 16.592
5.777778, -12.29366, -9.69095, 43.31784, -12.29366, 1.276145, -9.69095, 4.033503, 43.31784, 358.8479, 3.05, 0.54, 16.592
5.788889, -12.29366, -9.69095, 43.31784, -12.29366, 1.276145, -9.69095, 4.033503, 43.31784, 358.8479, 3.05, 0.54, 16.592
5.8, -12.29366, -9.69095, 43.31784, -12.29366, 1.276145, -9.69095, 4.033503, 43.31784, 358.8479, 3.05, 0.54, 16.592
5.811111, -12.29366, -9.69095, 43.31784, -12.29366, 1.276145, -9.69095, 4.033503, 43.31784, 358.8479, 3.05, 0.54, 16.592
5.822222, -12.29366, -9.69095, 43.31784, -12.29366, 1.276145, -9.69095, 4.033503, 43.31784, 358.8479, 3.05, 0.54, 16.592
5.833333, -12.29366, -9.69095, 43.31784, -12.29366, 1.276145, -9.69095, 4.033503, 43.31784, 358.8479, 3.05, 0.54, 16.592
5.844445, -12.29366, -9.69095, 43.31784, -12.29366, 1.276145, -9.69095, 4.033503, 43.31784, 358.8479, 3.05, 0.54, 16.592
5.855556, -12.29366, -9.69095, 43.31784, -12.29366, 1.276145, -9.69095, 4.033503, 43.31784, 358.8479, 3.05, 0.54, 16.592
5.866667, -12.29366, -9.69095, 43.31784, -12.29366, 1.276145, -9.69095, 4.033503, 43.31784, 358.8479, 3.05, 0.54, 16.592
5.877778, -12.29366, -9.69095, 43.31784, -12.29366, 1.276145, -9.69095, 4.033503, 43.31784, 358.8479, 3.05, 0.54, 16.592
5.888889, -12.29366, -9.69095, 43.31784, -12.29366, 1.276145, -9.69095, 4.033503, 43.31784, 358.8479, 3.05, 0.54, 16.592
5.9, -12.29366, -9.69095, 43.31784, -12.29366, 1.276145, -9.69095, 4.033503, 43.31784, 358.8479, 3.05, 0.54, 16.592
5.911111, -12.29366, -9.69095, 43.31784, -12.29366, 1.276145, -9.69095, 4.033503, 43.31784, 358.8479, 3.05, 0.54, 16.592
5.922222, -12.29366, -9.69095, 43.31784, -12.29366, 1.276145, -9.69095, 4.033503, 43.31784, 358.8479, 3.05, 0.54, 16.592
5.933333, -12.29366, -9.69095, 43.31784, -12.29366, 1.276145, -9.69095, 4.033503, 43.31784, 358.8479, 3.05, 0.54, 16.592
5.944445, -12.29366, -9.69095, 43.31784, -12.29366, 1.276145, -9.69095, 4.033503, 43.31784, 358.8479, 3.05, 0.54, 16.592
5.955556, -12.29366, -9.69095, 43.31784, -12.29366, 1.276145, -9.69095, 4.033503, 43.31784, 358.8479, 3.05, 0.54, 16.592
5.966667, -12.29366, -9.69095, 43.31784, -12.29366, 1.276145, -9.69095, 4.033503, 43.31784, 358.8479, 3.05, 0.54, 16.592
5.977778, -12.29366, -9.69095, 43.31784, -12.29366, 1.276145, -9.69095, 4.033503, 43.31784, 358.8479, 3.05, 0.54, 16.592
5.988889, -12.29366, -9.69095, 43.31784, -12.29366, 1.276145, -9.69095, 4.033503, 43.31784, 358.8479, 3.05, 0.54, 16.592
6, -12.29366, -9.69095, 43.31784, -12.29366, 1.276145, -9.69095, 4.033503, 43.31784, 358.8479, 3.05, 0.54, 16.592
6.011111, -12.29366, -9.69095, 43.31784, -12.29366, 1.276145, -9.69095, 4.033503, 43.31784, 358.8479, 3.05, 0.54, 16.592
6.022223, -12.29366, -9.69095, 43.31784, -12.29366, 1.276145, -9.69095, 4.033503, 43.31784, 358.8479, 3.05, 0.54, 16.592
6.033333, -12.29366, -9.69095, 43.31784, -12.29366, 1.276145, -9.69095, 4.033503, 43.31784, 358.8479, 3.05, 0.54, 16.592
6.044445, -12.29366, -9.69095, 43.31784, -12.29366, 1.276145, -9.69095, 4.033503, 43.31784, 358.8479, 3.05, 0.54, 16.592
6.055556, -12.29366, -9.69095, 43.31784, -12.29366, 1.276145, -9.69095, 4.033503, 43.31784, 358.8479, 3.05, 0.54, 16.592
6.066667, -12.29366, -9.69095, 43.31784, -12.29366, 1.276145, -9.69095, 4.033503, 43.31784, 358.8479, 3.05, 0.54, 16.592
6.077778, -12.29366, -9.69095, 43.31784, -12.29366, 1.276145, -9.69095, 4.033503, 43.31784, 358.8479, 3.05, 0.54, 16.592
6.088889, -12.29366, -9.69095, 43.31784, -12.29366, 1.276145, -9.69095, 4.033503, 43.31784, 358.8479, 3.05, 0.54, 16.592
6.1, -12.29366, -9.69095, 43.31784, -12.29366, 1.276145, -9.69095, 4.033503, 43.31784, 358.8479, 3.05, 0.54, 16.592
6.111111, -12.29366, -9.69095, 43.31784, -12.29366, 1.276145, -9.69095, 4.033503, 43.31784, 358.8479, 3.05, 0.54, 16.592
6.122222, -12.29366, -9.69095, 43.31784, -12.29366, 1.276145, -9.69095, 4.033503, 43.31784, 358.8479, 3.05, 0.54, 16.592
6.133334, -12.29366, -9.69095, 43.31784, -12.29366, 1.276145, -9.69095, 4.033503, 43.31784, 358.8479, 3.05, 0.54, 16.592
6.144444, -12.29366, -9.69095, 43.31784, -12.29366, 1.276145, -9.69095, 4.033503, 43.31784, 358.8479, 3.05, 0.54, 16.592
6.155556, -12.29366, -9.69095, 43.31784, -12.29366, 1.276145, -9.69095, 4.033503, 43.31784, 358.8479, 3.05, 0.54, 16.592
6.166667, -12.29366, -9.69095, 43.31784, -12.29366, 1.276145, -9.69095, 4.033503, 43.31784, 358.8479, 3.05, 0.54, 16.592
