Time,X,Y,Heading,CameraX,CameraY,CameraZ,CameraAngX,CameraAngY,CameraAngZ,GoalX,GoalZ,DistanceToGoal
0, 0, 0, 0, 0, 1.22, 0, 0, 0, 0, 3.21, -3.42, 4.739504
0.02, -0.1845867, -0.1282901, 0, -0.1845867, 1.243333, -0.1282901, 0, 0, 0, -3.64, -3.59, 5.046701
0.04, -0.6763613, -0.5926355, 0, -0.6763613, 1.243333, -0.5926355, 0, 0, 0, -3.64, -3.59, 4.394681
0.06, -0.6763613, -0.5926355, 0, -0.6763613, 1.243333, -0.5926355, 0, 0, 0, -3.64, -3.59, 4.394681
0.08, -0.6763613, -0.5926355, 0, -0.6763613, 1.243333, -0.5926355, 0, 0, 0, -3.64, -3.59, 4.394681
0.09999999, -0.6763613, -0.5926355, 0, -0.6763613, 1.243333, -0.5926355, 0, 0, 0, -3.64, -3.59, 4.394681
0.12, -0.6763613, -0.5926355, 0, -0.6763613, 1.243333, -0.5926355, 0, 0, 0, -3.64, -3.59, 4.394681
0.14, -0.6763613, -0.5926355, 0, -0.6763613, 1.243333, -0.5926355, 0, 0, 0, -3.64, -3.59, 4.394681
0.16, -0.6763613, -0.5926355, 0, -0.6763613, 1.243333, -0.5926355, 0, 0, 0, -3.64, -3.59, 4.394681
0.18, -0.6763613, -0.5926355, 0, -0.6763613, 1.243333, -0.5926355, 0, 0, 0, -3.64, -3.59, 4.394681
0.2, -0.6763613, -0.5926355, 0, -0.6763613, 1.243333, -0.5926355, 0, 0, 0, -3.64, -3.59, 4.394681
0.22, -0.6763613, -0.5926355, 0, -0.6763613, 1.243333, -0.5926355, 0, 0, 0, -3.64, -3.59, 4.394681
0.24, -0.6763613, -0.5926355, 0, -0.6763613, 1.243333, -0.5926355, 0, 0, 0, -3.64, -3.59, 4.394681
0.26, -0.6763613, -0.5926355, 0, -0.6763613, 1.243333, -0.5926355, 0, 0, 0, -3.64, -3.59, 4.394681
0.28, -0.6763613, -0.5926355, 0, -0.6763613, 1.243333, -0.5926355, 0, 0, 0, -3.64, -3.59, 4.394681
0.3, -0.6763613, -0.5926355, 0, -0.6763613, 1.243333, -0.5926355, 0, 0, 0, -3.64, -3.59, 4.394681
0.32, -0.6763613, -0.5926355, 0, -0.6763613, 1.243333, -0.5926355, 0, 0, 0, -3.64, -3.59, 4.394681
0.34, -0.6763613, -0.5926355, 0, -0.6763613, 1.243333, -0.5926355, 0, 0, 0, -3.64, -3.59, 4.394681
0.36, 2.859936, -3.609957, 276.3705, 2.859936, 1.401997, -3.609957, 359.0073, 276.3705, 358.3981, -3.64, -3.59, 6.649448
0.38, 2.859936, -3.609957, 276.3705, 2.859936, 1.401997, -3.609957, 359.0073, 276.3705, 358.3981, -3.64, -3.59, 6.649448
0.4, 2.859936, -3.609957, 276.3705, 2.859936, 1.401997, -3.609957, 359.0073, 276.3705, 358.3981, -3.64, -3.59, 6.649448
0.42, 2.859936, -3.609957, 276.3705, 2.859936, 1.401997, -3.609957, 359.0073, 276.3705, 358.3981, -3.64, -3.59, 6.649448
0.44, 2.859936, -3.609957, 276.3705, 2.859936, 1.401997, -3.609957, 359.0073, 276.3705, 358.3981, -3.64, -3.59, 6.649448
0.46, 2.859936, -3.609957, 276.3705, 2.859936, 1.401997, -3.609957, 359.0073, 276.3705, 358.3981, -3.64, -3.59, 6.649448
0.48, 2.859936, -3.609957, 276.3705, 2.859936, 1.401997, -3.609957, 359.0073, 276.3705, 358.3981, -3.64, -3.59, 6.649448
0.5, 3.084836, -3.221571, 276.3705, 3.084836, 1.401997, -3.221571, 359.0073, 276.3705, 358.3981, -3.64, -3.59, 6.8793
0.52, 3.084836, -3.221571, 276.3705, 3.084836, 1.401997, -3.221571, 359.0073, 276.3705, 358.3981, -3.64, -3.59, 6.8793
0.54, 3.084836, -3.221571, 276.3705, 3.084836, 1.401997, -3.221571, 359.0073, 276.3705, 358.3981, -3.64, -3.59, 6.8793
0.56, 3.084836, -3.221571, 276.3705, 3.084836, 1.401997, -3.221571, 359.0073, 276.3705, 358.3981, -3.64, -3.59, 6.8793
0.58, 3.108433, -3.215333, 284.3096, 3.108433, 1.399165, -3.215333, 359.155, 284.3096, 0.1290286, -3.64, -3.59, 6.902129
0.6, 3.108433, -3.215333, 284.3096, 3.108433, 1.399165, -3.215333, 359.155, 284.3096, 0.1290286, -3.64, -3.59, 6.902129
0.62, 3.112218, -3.224761, 282.4379, 3.112218, 1.402397, -3.224761, 357.3561, 282.4379, 0.8457886, -3.64, -3.59, 6.905981
0.64, 3.112218, -3.224761, 282.4379, 3.112218, 1.402397, -3.224761, 357.3561, 282.4379, 0.8457886, -3.64, -3.59, 6.905981
0.66, 3.112218, -3.224761, 282.4379, 3.112218, 1.402397, -3.224761, 357.3561, 282.4379, 0.8457886, -3.64, -3.59, 6.905981
0.68, 3.112218, -3.224761, 282.4379, 3.112218, 1.402397, -3.224761, 357.3561, 282.4379, 0.8457886, -3.64, -3.59, 6.905981
0.7, 3.111857, -3.23125, 278.5536, 3.111857, 1.403075, -3.23125, 356.6758, 278.5536, 0.4985008, -3.64, -3.59, 6.905425
0.72, 3.111857, -3.23125, 278.5536, 3.111857, 1.403075, -3.23125, 356.6758, 278.5536, 0.4985008, -3.64, -3.59, 6.905425
0.74, 3.111857, -3.23125, 278.5536, 3.111857, 1.403075, -3.23125, 356.6758, 278.5536, 0.4985008, -3.64, -3.59, 6.905425
0.76, 3.111857, -3.23125, 278.5536, 3.111857, 1.403075, -3.23125, 356.6758, 278.5536, 0.4985008, -3.64, -3.59, 6.905425
0.78, 3.111857, -3.23125, 278.5536, 3.111857, 1.403075, -3.23125, 356.6758, 278.5536, 0.4985008, -3.64, -3.59, 6.905425
0.8, 3.111857, -3.23125, 278.5536, 3.111857, 1.403075, -3.23125, 356.6758, 278.5536, 0.4985008, -3.64, -3.59, 6.905425
0.82, 3.111857, -3.23125, 278.5536, 3.111857, 1.403075, -3.23125, 356.6758, 278.5536, 0.4985008, -3.64, -3.59, 6.905425
0.84, 3.111857, -3.23125, 278.5536, 3.111857, 1.403075, -3.23125, 356.6758, 278.5536, 0.4985008, -3.64, -3.59, 6.905425
0.86, 3.111857, -3.23125, 278.5536, 3.111857, 1.403075, -3.23125, 356.6758, 278.5536, 0.4985008, -3.64, -3.59, 6.905425
0.88, 3.111733, -3.23184, 278.1426, 3.111733, 1.403181, -3.23184, 356.6352, 278.1426, 0.4411401, -3.64, -3.59, 6.905294
0.9, 3.111733, -3.23184, 278.1426, 3.111733, 1.403181, -3.23184, 356.6352, 278.1426, 0.4411401, -3.64, -3.59, 6.905294
0.92, 3.111849, -3.23811, 273.3167, 3.111849, 1.403132, -3.23811, 356.2402, 273.3167, 359.3963, -3.64, -3.59, 6.905076
0.94, 3.111813, -3.238968, 273.1054, 3.111813, 1.403182, -3.238968, 356.2861, 273.1054, 359.3296, -3.64, -3.59, 6.905007
0.96, 3.112037, -3.239559, 272.9931, 3.112037, 1.403413, -3.239559, 356.3579, 272.9931, 359.2968, -3.64, -3.59, 6.905243
0.98, 3.112225, -3.23976, 272.978, 3.112225, 1.403401, -3.23976, 356.3924, 272.978, 359.2948, -3.64, -3.59, 6.905414
1, 3.112348, -3.239977, 272.9402, 3.112348, 1.403419, -3.239977, 356.4336, 272.9402, 359.3019, -3.64, -3.59, 6.905527
1.02, 3.112323, -3.240602, 273.1412, 3.112323, 1.403573, -3.240602, 356.499, 273.1412, 359.326, -3.64, -3.59, 6.905502
1.04, 3.112424, -3.240879, 273.335, 3.112424, 1.403559, -3.240879, 356.5241, 273.335, 359.3376, -3.64, -3.59, 6.905584
1.06, 3.112018, -3.240923, 273.5217, 3.112018, 1.40368, -3.240923, 356.5902, 273.5217, 359.3308, -3.64, -3.59, 6.90521
1.08, 3.111955, -3.241034, 273.6735, 3.111955, 1.4036, -3.241034, 356.6288, 273.6735, 359.3367, -3.64, -3.59, 6.905126
1.1, 3.112025, -3.241147, 273.9265, 3.112025, 1.403704, -3.241147, 356.758, 273.9265, 359.3638, -3.64, -3.59, 6.90521
1.12, 3.112152, -3.241405, 274.2048, 3.112152, 1.403516, -3.241405, 356.9682, 274.2048, 359.4225, -3.64, -3.59, 6.905283
1.14, 3.112176, -3.240905, 274.5515, 3.112176, 1.403189, -3.240905, 357.1698, 274.5515, 359.4855, -3.64, -3.59, 6.905265
1.16, 3.111953, -3.240496, 275.0385, 3.111953, 1.403114, -3.240496, 357.3594, 275.0385, 359.5513, -3.64, -3.59, 6.905053
1.18, 3.111776, -3.240107, 275.299, 3.111776, 1.402982, -3.240107, 357.4394, 275.299, 359.5701, -3.64, -3.59, 6.904873
1.2, 3.111348, -3.239245, 275.8958, 3.111348, 1.40276, -3.239245, 357.6426, 275.8958, 359.5902, -3.64, -3.59, 6.904453
1.22, 3.11109, -3.238704, 276.4492, 3.11109, 1.402308, -3.238704, 357.8358, 276.4492, 359.6066, -3.64, -3.59, 6.904136
1.24, 3.110617, -3.238263, 276.9583, 3.110617, 1.401727, -3.238263, 358.0816, 276.9583, 359.639, -3.64, -3.59, 6.903578
1.26, 3.109922, -3.237355, 277.4137, 3.109922, 1.400944, -3.237355, 358.4196, 277.4137, 359.7407, -3.64, -3.59, 6.902785
1.28, 3.109665, -3.237267, 277.5712, 3.109665, 1.40075, -3.237267, 358.6068, 277.5712, 359.8001, -3.64, -3.59, 6.9025
1.3, 3.108749, -3.237107, 277.7094, 3.108749, 1.40006, -3.237107, 359.0419, 277.7094, 359.9568, -3.64, -3.59, 6.901472
1.32, 3.107734, -3.237133, 277.7476, 3.107734, 1.399742, -3.237133, 359.3858, 277.7476, 0.1755953, -3.64, -3.59, 6.900414
1.34, 3.106095, -3.237225, 277.9395, 3.106095, 1.399769, -3.237225, 359.682, 277.9395, 0.4089687, -3.64, -3.59, 6.898812
1.36, 3.104817, -3.237004, 278.1886, 3.104817, 1.399506, -3.237004, 0.06189551, 278.1886, 0.5926008, -3.64, -3.59, 6.89752
1.38, 3.104415, -3.236735, 278.2605, 3.104415, 1.399334, -3.236735, 0.3678684, 278.2605, 0.7335811, -3.64, -3.59, 6.897106
1.4, 3.103384, -3.236478, 278.3538, 3.103384, 1.398514, -3.236478, 1.141539, 278.3538, 1.10678, -3.64, -3.59, 6.895945
1.42, 3.102408, -3.236073, 278.3519, 3.102408, 1.397556, -3.236073, 2.040055, 278.3519, 1.574885, -3.64, -3.59, 6.894816
1.44, 3.102018, -3.235855, 278.3407, 3.102018, 1.396511, -3.235855, 2.978822, 278.3407, 1.880539, -3.64, -3.59, 6.894235
1.46, 3.101063, -3.236119, 278.097, 3.101063, 1.395452, -3.236119, 3.908393, 278.097, 1.984917, -3.64, -3.59, 6.893073
1.48, 3.100477, -3.236075, 277.9561, 3.100477, 1.394974, -3.236075, 4.352261, 277.9561, 2.043914, -3.64, -3.59, 6.892405
1.5, 3.099323, -3.23555, 277.6027, 3.099323, 1.393547, -3.23555, 5.232183, 277.6027, 2.074189, -3.64, -3.59, 6.891015
1.52, 3.097866, -3.235203, 277.4318, 3.097866, 1.392346, -3.235203, 5.868955, 277.4318, 2.04366, -3.64, -3.59, 6.889365
1.54, 3.096078, -3.234964, 277.3364, 3.096078, 1.391471, -3.234964, 6.390739, 277.3364, 1.932319, -3.64, -3.59, 6.887452
1.56, 3.093736, -3.234351, 277.2194, 3.093736, 1.390971, -3.234351, 6.820282, 277.2194, 1.896094, -3.64, -3.59, 6.885092
1.58, 3.092571, -3.23418, 277.1743, 3.092571, 1.390496, -3.23418, 6.9824, 277.1743, 1.932256, -3.64, -3.59, 6.883865
1.6, 3.090364, -3.234342, 277.1032, 3.090364, 1.389647, -3.234342, 7.357159, 277.1032, 1.976689, -3.64, -3.59, 6.881526
1.62, 3.088127, -3.234365, 277.062, 3.088127, 1.388611, -3.234365, 8.037745, 277.062, 2.081022, -3.64, -3.59, 6.879128
1.64, 3.086488, -3.234582, 276.9309, 3.086488, 1.387687, -3.234582, 9.092693, 276.9309, 2.306535, -3.64, -3.59, 6.877328
1.66, 3.084533, -3.234609, 276.7444, 3.084533, 1.386028, -3.234609, 10.31258, 276.7444, 2.529803, -3.64, -3.59, 6.87508
1.68, 3.083519, -3.235177, 276.6941, 3.083519, 1.384916, -3.235177, 11.02482, 276.6941, 2.60528, -3.64, -3.59, 6.873835
1.7, 3.082539, -3.235528, 276.6444, 3.082539, 1.383757, -3.235528, 11.81241, 276.6444, 2.655114, -3.64, -3.59, 6.872624
1.72, 3.07916, -3.235398, 276.4103, 3.07916, 1.380002, -3.235398, 14.25168, 276.4103, 2.77204, -3.64, -3.59, 6.86857
1.74, 3.076643, -3.235873, 276.241, 3.076643, 1.378261, -3.235873, 15.55063, 276.241, 3.011734, -3.64, -3.59, 6.865734
1.76, 3.073455, -3.235861, 276.1663, 3.073455, 1.37671, -3.235861, 16.25892, 276.1663, 3.467441, -3.64, -3.59, 6.862305
1.78, 3.071447, -3.236028, 276.1541, 3.071447, 1.376464, -3.236028, 16.37371, 276.1541, 3.700629, -3.64, -3.59, 6.860282
1.8, 3.067441, -3.235863, 276.0396, 3.067441, 1.376376, -3.235863, 15.96944, 276.0396, 4.19184, -3.64, -3.59, 6.856354
1.82, 3.062404, -3.235973, 275.5404, 3.062404, 1.377914, -3.235973, 15.17463, 275.5404, 4.327653, -3.64, -3.59, 6.85173
1.84, 3.056707, -3.236414, 274.7479, 3.056707, 1.379224, -3.236414, 14.31462, 274.7479, 4.237216, -3.64, -3.59, 6.846398
1.86, 3.051362, -3.237546, 274.0641, 3.051362, 1.38012, -3.237546, 13.48544, 274.0641, 3.929075, -3.64, -3.59, 6.841293
1.88, 3.048888, -3.238088, 273.675, 3.048888, 1.381038, -3.238088, 13.40115, 273.675, 3.439523, -3.64, -3.59, 6.83903
1.9, 3.043807, -3.239613, 272.7, 3.043807, 1.382087, -3.239613, 12.22818, 272.7, 2.587929, -3.64, -3.59, 6.834195
1.92, 3.037969, -3.241644, 272.2455, 3.037969, 1.382272, -3.241644, 11.87237, 272.2455, 2.3066, -3.64, -3.59, 6.828418
1.94, 3.032286, -3.243973, 271.0606, 3.032286, 1.382919, -3.243973, 11.4162, 271.0606, 1.656666, -3.64, -3.59, 6.822874
1.96, 3.026023, -3.246109, 270.25, 3.026023, 1.383224, -3.246109, 11.43554, 270.25, 1.382906, -3.64, -3.59, 6.816703
1.98, 3.022247, -3.247008, 269.9466, 3.022247, 1.383042, -3.247008, 11.34723, 269.9466, 1.414708, -3.64, -3.59, 6.812928
2, 3.019198, -3.247576, 269.7894, 3.019198, 1.382706, -3.247576, 11.29235, 269.7894, 1.379735, -3.64, -3.59, 6.809849
2.02, 3.006462, -3.249642, 269.397, 3.006462, 1.381537, -3.249642, 11.76569, 269.397, 1.337561, -3.64, -3.59, 6.797055
2.04, 2.997051, -3.250585, 269.1362, 2.997051, 1.380937, -3.250585, 12.06106, 269.1362, 1.362727, -3.64, -3.59, 6.787683
2.06, 2.988805, -3.252145, 269.1137, 2.988805, 1.379244, -3.252145, 12.42598, 269.1137, 1.79176, -3.64, -3.59, 6.779198
2.08, 2.984486, -3.252778, 269.0623, 2.984486, 1.378681, -3.252778, 12.62552, 269.0623, 1.93706, -3.64, -3.59, 6.774828
2.1, 2.975739, -3.254411, 268.8481, 2.975739, 1.377618, -3.254411, 12.84055, 268.8481, 1.964985, -3.64, -3.59, 6.765977
2.12, 2.965803, -3.256576, 268.6775, 2.965803, 1.376934, -3.256576, 12.78101, 268.6775, 1.805417, -3.64, -3.59, 6.756016
2.14, 2.955771, -3.258471, 268.5883, 2.955771, 1.375966, -3.258471, 12.38061, 268.5883, 1.6039, -3.64, -3.59, 6.745916
2.16, 2.945617, -3.260375, 268.4528, 2.945617, 1.375037, -3.260375, 11.99522, 268.4528, 1.536247, -3.64, -3.59, 6.735706
2.18, 2.941084, -3.261242, 268.318, 2.941084, 1.374617, -3.261242, 11.85661, 268.318, 1.550205, -3.64, -3.59, 6.731146
2.2, 2.931491, -3.263247, 268.2049, 2.931491, 1.373811, -3.263247, 11.61904, 268.2049, 1.566952, -3.64, -3.59, 6.721505
2.22, 2.921867, -3.265346, 268.2914, 2.921867, 1.373089, -3.265346, 11.2464, 268.2914, 1.423595, -3.64, -3.59, 6.711845
2.24, 2.911458, -3.267344, 268.6772, 2.911458, 1.372734, -3.267344, 10.78768, 268.6772, 1.444665, -3.64, -3.59, 6.701501
2.26, 2.906884, -3.267676, 268.8366, 2.906884, 1.372657, -3.267676, 10.65069, 268.8366, 1.446014, -3.64, -3.59, 6.696997
2.28, 2.901917, -3.26839, 268.9885, 2.901917, 1.373277, -3.26839, 10.48971, 268.9885, 1.317796, -3.64, -3.59, 6.692234
2.3, 2.886468, -3.271039, 269.296, 2.886468, 1.375149, -3.271039, 9.633651, 269.296, 0.7975433, -3.64, -3.59, 6.677392
2.32, 2.876493, -3.272457, 269.2953, 2.876493, 1.375995, -3.272457, 9.002139, 269.2953, 0.86311, -3.64, -3.59, 6.667749
2.34, 2.86656, -3.273407, 269.2394, 2.86656, 1.377565, -3.273407, 8.511888, 269.2394, 1.065606, -3.64, -3.59, 6.658321
2.36, 2.855673, -3.273843, 269.0592, 2.855673, 1.380068, -3.273843, 8.077774, 269.0592, 1.118528, -3.64, -3.59, 6.648181
2.38, 2.850043, -3.274062, 269.0037, 2.850043, 1.381272, -3.274062, 7.784162, 269.0037, 1.07173, -3.64, -3.59, 6.64292
2.4, 2.838371, -3.274348, 269.2184, 2.838371, 1.383162, -3.274348, 7.168739, 269.2184, 0.8134745, -3.64, -3.59, 6.631897
2.42, 2.826759, -3.274436, 269.6528, 2.826759, 1.384297, -3.274436, 6.424747, 269.6528, 0.514295, -3.64, -3.59, 6.620788
2.44, 2.820774, -3.274748, 269.9513, 2.820774, 1.384973, -3.274748, 6.181307, 269.9513, 0.322456, -3.64, -3.59, 6.615069
2.46, 2.803808, -3.273803, 270.5718, 2.803808, 1.387049, -3.273803, 5.891537, 270.5718, 359.6975, -3.64, -3.59, 6.598981
2.48, 2.797548, -3.273364, 270.7355, 2.797548, 1.387815, -3.273364, 5.869736, 270.7355, 359.566, -3.64, -3.59, 6.59305
2.5, 2.786281, -3.272478, 271.0308, 2.786281, 1.388768, -3.272478, 6.068686, 271.0308, 359.4784, -3.64, -3.59, 6.582293
2.52, 2.775654, -3.271679, 271.3409, 2.775654, 1.389179, -3.271679, 6.355429, 271.3409, 359.362, -3.64, -3.59, 6.572044
2.54, 2.764458, -3.270577, 271.7112, 2.764458, 1.389499, -3.270577, 6.531137, 271.7112, 359.0395, -3.64, -3.59, 6.561236
2.56, 2.75265, -3.270083, 272.0024, 2.75265, 1.389667, -3.270083, 6.460979, 272.0024, 358.6407, -3.64, -3.59, 6.549771
2.58, 2.7467, -3.26998, 272.1435, 2.7467, 1.38983, -3.26998, 6.362168, 272.1435, 358.5366, -3.64, -3.59, 6.544003
2.6, 2.734872, -3.269305, 272.3377, 2.734872, 1.388968, -3.269305, 6.266422, 272.3377, 358.5615, -3.64, -3.59, 6.53231
2.62, 2.722167, -3.268245, 272.467, 2.722167, 1.387825, -3.268245, 6.342412, 272.467, 358.9029, -3.64, -3.59, 6.519721
2.64, 2.710015, -3.267072, 272.6263, 2.710015, 1.386627, -3.267072, 6.610807, 272.6263, 359.1873, -3.64, -3.59, 6.507666
2.66, 2.697746, -3.266153, 272.7539, 2.697746, 1.38579, -3.266153, 7.163387, 272.7539, 359.672, -3.64, -3.59, 6.495562
2.68, 2.691582, -3.265226, 272.7702, 2.691582, 1.385362, -3.265226, 7.483155, 272.7702, 359.903, -3.64, -3.59, 6.489502
2.7, 2.678858, -3.263456, 272.9327, 2.678858, 1.384714, -3.263456, 7.999092, 272.9327, 0.4263422, -3.64, -3.59, 6.477039
2.72, 2.665638, -3.261425, 273.2119, 2.665638, 1.383952, -3.261425, 8.236193, 273.2119, 0.8799161, -3.64, -3.59, 6.464082
2.74, 2.658981, -3.260139, 273.4155, 2.658981, 1.383235, -3.260139, 8.263542, 273.4155, 1.103497, -3.64, -3.59, 6.4575
2.76, 2.639479, -3.255991, 274.0315, 2.639479, 1.380549, -3.255991, 8.122796, 274.0315, 1.65098, -3.64, -3.59, 6.438116
2.78, 2.632943, -3.254888, 274.2832, 2.632943, 1.379465, -3.254888, 8.01255, 274.2832, 1.897491, -3.64, -3.59, 6.431566
2.8, 2.620066, -3.252088, 274.9064, 2.620066, 1.37674, -3.252088, 7.746945, 274.9064, 2.424333, -3.64, -3.59, 6.418569
2.82, 2.608322, -3.248954, 275.6513, 2.608322, 1.375094, -3.248954, 7.75874, 275.6513, 2.73805, -3.64, -3.59, 6.406928
2.84, 2.608322, -3.248954, 275.6513, 2.608322, 1.375094, -3.248954, 7.75874, 275.6513, 2.73805, -3.64, -3.59, 6.406928
2.86, 2.608322, -3.248954, 275.6513, 2.608322, 1.375094, -3.248954, 7.75874, 275.6513, 2.73805, -3.64, -3.59, 6.406928
2.88, 2.608322, -3.248954, 275.6513, 2.608322, 1.375094, -3.248954, 7.75874, 275.6513, 2.73805, -3.64, -3.59, 6.406928
2.9, 2.608322, -3.248954, 275.6513, 2.608322, 1.375094, -3.248954, 7.75874, 275.6513, 2.73805, -3.64, -3.59, 6.406928
2.92, 2.608322, -3.248954, 275.6513, 2.608322, 1.375094, -3.248954, 7.75874, 275.6513, 2.73805, -3.64, -3.59, 6.406928
2.94, 2.608322, -3.248954, 275.6513, 2.608322, 1.375094, -3.248954, 7.75874, 275.6513, 2.73805, -3.64, -3.59, 6.406928
2.96, 2.608322, -3.248954, 275.6513, 2.608322, 1.375094, -3.248954, 7.75874, 275.6513, 2.73805, -3.64, -3.59, 6.406928
2.98, 2.608322, -3.248954, 275.6513, 2.608322, 1.375094, -3.248954, 7.75874, 275.6513, 2.73805, -3.64, -3.59, 6.406928
3, 2.608322, -3.248954, 275.6513, 2.608322, 1.375094, -3.248954, 7.75874, 275.6513, 2.73805, -3.64, -3.59, 6.406928
3.02, 2.608322, -3.248954, 275.6513, 2.608322, 1.375094, -3.248954, 7.75874, 275.6513, 2.73805, -3.64, -3.59, 6.406928
3.04, 2.531312, -3.228931, 288.7574, 2.531312, 1.390986, -3.228931, 5.973289, 288.7574, 5.620835, -3.64, -3.59, 6.336427
3.06, 2.527029, -3.228483, 289.7368, 2.527029, 1.390935, -3.228483, 5.773205, 289.7368, 5.51276, -3.64, -3.59, 6.33227
3.08, 2.527029, -3.228483, 289.7368, 2.527029, 1.390935, -3.228483, 5.773205, 289.7368, 5.51276, -3.64, -3.59, 6.33227
3.1, 2.513945, -3.225927, 292.8185, 2.513945, 1.393179, -3.225927, 5.478734, 292.8185, 5.098912, -3.64, -3.59, 6.320169
3.12, 2.504357, -3.224976, 294.7991, 2.504357, 1.39549, -3.224976, 5.343644, 294.7991, 4.878291, -3.64, -3.59, 6.311399
3.14, 2.499412, -3.224449, 295.7083, 2.499412, 1.39659, -3.224449, 5.235706, 295.7083, 4.897105, -3.64, -3.59, 6.306859
3.16, 2.489839, -3.223329, 297.2239, 2.489839, 1.398675, -3.223329, 4.887873, 297.2239, 5.118851, -3.64, -3.59, 6.298069
3.18, 2.480322, -3.222262, 298.7791, 2.480322, 1.399568, -3.222262, 4.408758, 298.7791, 5.499846, -3.64, -3.59, 6.289067
3.2, 2.470846, -3.221858, 300.2656, 2.470846, 1.399926, -3.221858, 4.065905, 300.2656, 5.584186, -3.64, -3.59, 6.279949
3.22, 2.466202, -3.221599, 300.9195, 2.466202, 1.399615, -3.221599, 3.864545, 300.9195, 5.453663, -3.64, -3.59, 6.275376
3.24, 2.456613, -3.221648, 302.1377, 2.456613, 1.398996, -3.221648, 3.503656, 302.1377, 5.084072, -3.64, -3.59, 6.265905
3.26, 2.446751, -3.222703, 303.1311, 2.446751, 1.396683, -3.222703, 3.2944, 303.1311, 4.643449, -3.64, -3.59, 6.255731
3.28, 2.44163, -3.223156, 303.5678, 2.44163, 1.395466, -3.223156, 3.323789, 303.5678, 4.463421, -3.64, -3.59, 6.25045
3.3, 2.432274, -3.224645, 304.1419, 2.432274, 1.392793, -3.224645, 3.514719, 304.1419, 4.162711, -3.64, -3.59, 6.240663
3.32, 2.427543, -3.225624, 304.3244, 2.427543, 1.391483, -3.225624, 3.605227, 304.3244, 4.11199, -3.64, -3.59, 6.23571
3.34, 2.416998, -3.227395, 304.7833, 2.416998, 1.388877, -3.227395, 3.62538, 304.7833, 4.080956, -3.64, -3.59, 6.224764
3.36, 2.407626, -3.228744, 305.0372, 2.407626, 1.387568, -3.228744, 3.866406, 305.0372, 4.141954, -3.64, -3.59, 6.215274
3.38, 2.40255, -3.229672, 305.1969, 2.40255, 1.38726, -3.229672, 3.878873, 305.1969, 4.130252, -3.64, -3.59, 6.210213
3.4, 2.392669, -3.231624, 305.4268, 2.392669, 1.386073, -3.231624, 3.747044, 305.4268, 4.06472, -3.64, -3.59, 6.20022
3.42, 2.351877, -3.23318, 308.6391, 2.351877, 1.395575, -3.23318, 3.993985, 308.6391, 3.022578, -3.64, -3.59, 6.162592
3.44, 2.32566, -3.231487, 310.3442, 2.32566, 1.398328, -3.231487, 2.615346, 310.3442, 3.156182, -3.64, -3.59, 6.13783
3.46, 2.315272, -3.230119, 311.0323, 2.315272, 1.399662, -3.230119, 2.559964, 311.0323, 3.121875, -3.64, -3.59, 6.128119
3.48, 2.310275, -3.229258, 311.3853, 2.310275, 1.399812, -3.229258, 2.635925, 311.3853, 3.150117, -3.64, -3.59, 6.123348
3.5, 2.299642, -3.226793, 312.1328, 2.299642, 1.399866, -3.226793, 3.146758, 312.1328, 3.396137, -3.64, -3.59, 6.113173
3.52, 2.290151, -3.224406, 312.9542, 2.290151, 1.399577, -3.224406, 3.775641, 312.9542, 3.646595, -3.64, -3.59, 6.104029
3.54, 2.280724, -3.222442, 313.9986, 2.280724, 1.399305, -3.222442, 4.358693, 313.9986, 3.643512, -3.64, -3.59, 6.094926
3.56, 2.271124, -3.220982, 314.9363, 2.271124, 1.398616, -3.220982, 4.755069, 314.9363, 3.429707, -3.64, -3.59, 6.085531
3.58, 2.266406, -3.220148, 315.3529, 2.266406, 1.397936, -3.220148, 4.860016, 315.3529, 3.31523, -3.64, -3.59, 6.080843
3.6, 2.256724, -3.218328, 315.9315, 2.256724, 1.396543, -3.218328, 4.753709, 315.9315, 3.121418, -3.64, -3.59, 6.071229
3.62, 2.24595, -3.216112, 316.1775, 2.24595, 1.394887, -3.216112, 4.26872, 316.1775, 3.144424, -3.64, -3.59, 6.060521
3.64, 2.234609, -3.214347, 315.8901, 2.234609, 1.393561, -3.214347, 3.779735, 315.8901, 3.300978, -3.64, -3.59, 6.049311
3.66, 2.228693, -3.213639, 315.5172, 2.228693, 1.393268, -3.213639, 3.448912, 315.5172, 3.367246, -3.64, -3.59, 6.043542
3.68, 2.216916, -3.21172, 314.3509, 2.216916, 1.3926, -3.21172, 2.963496, 314.3509, 3.846284, -3.64, -3.59, 6.032073
3.7, 2.205256, -3.209861, 312.7368, 2.205256, 1.391862, -3.209861, 2.667257, 312.7368, 4.541214, -3.64, -3.59, 6.020698
3.72, 2.192385, -3.207722, 310.5709, 2.192385, 1.390636, -3.207722, 2.219607, 310.5709, 4.928199, -3.64, -3.59, 6.008055
3.74, 2.179578, -3.206398, 308.1412, 2.179578, 1.390054, -3.206398, 1.943532, 308.1412, 4.989844, -3.64, -3.59, 5.995573
3.76, 2.167097, -3.204708, 305.4019, 2.167097, 1.390244, -3.204708, 1.90849, 305.4019, 5.008278, -3.64, -3.59, 5.983612
3.78, 2.160724, -3.204003, 303.978, 2.160724, 1.390778, -3.204003, 2.025517, 303.978, 5.068552, -3.64, -3.59, 5.977596
3.8, 2.147134, -3.203061, 300.8891, 2.147134, 1.392381, -3.203061, 2.640728, 300.8891, 4.993693, -3.64, -3.59, 5.964844
3.82, 2.134167, -3.201869, 297.7239, 2.134167, 1.393304, -3.201869, 3.178599, 297.7239, 4.78436, -3.64, -3.59, 5.952558
3.84, 2.120838, -3.200168, 294.6069, 2.120838, 1.393363, -3.200168, 3.249321, 294.6069, 4.868015, -3.64, -3.59, 5.939754
3.86, 2.107926, -3.19909, 291.6327, 2.107926, 1.392815, -3.19909, 3.05354, 291.6327, 5.150493, -3.64, -3.59, 5.927175
3.88, 2.100669, -3.198666, 289.9998, 2.100669, 1.392571, -3.198666, 3.106911, 289.9998, 5.25608, -3.64, -3.59, 5.920108
3.9, 2.08794, -3.198859, 287.2182, 2.08794, 1.391577, -3.198859, 3.439237, 287.2182, 5.287347, -3.64, -3.59, 5.907519
3.92, 2.07555, -3.199193, 284.6737, 2.07555, 1.391448, -3.199193, 4.201812, 284.6737, 4.99485, -3.64, -3.59, 5.895454
3.94, 2.063719, -3.199415, 282.3902, 2.063719, 1.391036, -3.199415, 4.972451, 282.3902, 4.58798, -3.64, -3.59, 5.883872
3.96, 2.057621, -3.199904, 281.3518, 2.057621, 1.390936, -3.199904, 5.290895, 281.3518, 4.499482, -3.64, -3.59, 5.877905
3.98, 2.045794, -3.201275, 279.3766, 2.045794, 1.391701, -3.201275, 5.654899, 279.3766, 4.29016, -3.64, -3.59, 5.866531
4, 2.03408, -3.202134, 277.5971, 2.03408, 1.391788, -3.202134, 5.767162, 277.5971, 4.109155, -3.64, -3.59, 5.855143
4.02, 2.021577, -3.203344, 275.8148, 2.021577, 1.391928, -3.203344, 5.679072, 275.8148, 3.860989, -3.64, -3.59, 5.842981
4.04, 2.01004, -3.204623, 274.4015, 2.01004, 1.391359, -3.204623, 5.373351, 274.4015, 3.523301, -3.64, -3.59, 5.831582
4.06, 1.998178, -3.206362, 273.1904, 1.998178, 1.390089, -3.206362, 5.10212, 273.1904, 3.143401, -3.64, -3.59, 5.819672
4.08, 1.992047, -3.206909, 272.6425, 1.992047, 1.389163, -3.206909, 4.957487, 272.6425, 2.86952, -3.64, -3.59, 5.813475
4.1, 1.979616, -3.209314, 271.4948, 1.979616, 1.387838, -3.209314, 4.798183, 271.4948, 2.373749, -3.64, -3.59, 5.800957
4.12, 1.967411, -3.211713, 270.4561, 1.967411, 1.386249, -3.211713, 4.784524, 270.4561, 2.092821, -3.64, -3.59, 5.788597
4.14, 1.954785, -3.214105, 269.5173, 1.954785, 1.384717, -3.214105, 4.786726, 269.5173, 1.831806, -3.64, -3.59, 5.775843
4.16, 1.947377, -3.215682, 269.0831, 1.947377, 1.383841, -3.215682, 4.803784, 269.0831, 1.687058, -3.64, -3.59, 5.768354
4.18, 1.934669, -3.219108, 268.5351, 1.934669, 1.382797, -3.219108, 4.786993, 268.5351, 1.380893, -3.64, -3.59, 5.755573
4.2, 1.920884, -3.222847, 267.9849, 1.920884, 1.381022, -3.222847, 4.644382, 267.9849, 1.07184, -3.64, -3.59, 5.741555
4.22, 1.914183, -3.224587, 267.7787, 1.914183, 1.38002, -3.224587, 4.557033, 267.7787, 0.9616436, -3.64, -3.59, 5.734713
4.24, 1.894039, -3.230433, 267.2667, 1.894039, 1.377065, -3.230433, 4.338959, 267.2667, 0.8431586, -3.64, -3.59, 5.714121
4.26, 1.887434, -3.232524, 267.2047, 1.887434, 1.376176, -3.232524, 4.383142, 267.2047, 0.8583047, -3.64, -3.59, 5.707379
4.28, 1.87423, -3.236477, 267.0706, 1.87423, 1.37515, -3.236477, 4.364709, 267.0706, 0.7531242, -3.64, -3.59, 5.694098
4.3, 1.867547, -3.238333, 267.0704, 1.867547, 1.375803, -3.238333, 4.3266, 267.0704, 0.6748188, -3.64, -3.59, 5.687669
4.32, 1.848198, -3.243142, 267.1772, 1.848198, 1.379485, -3.243142, 4.646677, 267.1772, 0.4869684, -3.64, -3.59, 5.669534
4.34, 1.834257, -3.246175, 267.6139, 1.834257, 1.384558, -3.246175, 4.905011, 267.6139, 0.2713499, -3.64, -3.59, 5.657094
4.36, 1.820773, -3.248815, 268.1494, 1.820773, 1.388815, -3.248815, 4.796542, 268.1494, 0.1168266, -3.64, -3.59, 5.644932
4.38, 1.813881, -3.249939, 268.4075, 1.813881, 1.390429, -3.249939, 4.540505, 268.4075, 0.04136709, -3.64, -3.59, 5.638595
4.4, 1.798523, -3.253187, 269.0389, 1.798523, 1.39237, -3.253187, 3.701158, 269.0389, 359.8605, -3.64, -3.59, 5.624026
4.42, 1.791269, -3.254553, 269.2729, 1.791269, 1.392906, -3.254553, 3.384714, 269.2729, 359.7422, -3.64, -3.59, 5.617063
4.44, 1.770399, -3.258839, 269.8645, 1.770399, 1.394378, -3.258839, 3.335296, 269.8645, 359.4645, -3.64, -3.59, 5.596997
4.46, 1.762763, -3.25998, 270.0014, 1.762763, 1.394977, -3.25998, 3.710599, 270.0014, 359.407, -3.64, -3.59, 5.589698
4.48, 1.748886, -3.262125, 270.3184, 1.748886, 1.395266, -3.262125, 4.669261, 270.3184, 359.627, -3.64, -3.59, 5.576232
4.5, 1.734976, -3.263787, 270.8695, 1.734976, 1.394586, -3.263787, 5.682924, 270.8695, 0.1345616, -3.64, -3.59, 5.562522
4.52, 1.721453, -3.264869, 271.7146, 1.721453, 1.394011, -3.264869, 6.440037, 271.7146, 0.6403299, -3.64, -3.59, 5.549248
4.54, 1.708194, -3.265172, 272.8762, 1.708194, 1.393916, -3.265172, 7.03389, 272.8762, 0.8243909, -3.64, -3.59, 5.536397
4.56, 1.694702, -3.264914, 274.7182, 1.694702, 1.39362, -3.264914, 7.330872, 274.7182, 0.9516972, -3.64, -3.59, 5.523305
4.58, 1.694702, -3.264914, 274.7182, 1.694702, 1.39362, -3.264914, 7.330872, 274.7182, 0.9516972, -3.64, -3.59, 5.523305
4.6, 1.675567, -3.263844, 277.8859, 1.675567, 1.391823, -3.263844, 7.373596, 277.8859, 1.679186, -3.64, -3.59, 5.504435
4.62, 1.662719, -3.262318, 280.248, 1.662719, 1.390846, -3.262318, 7.206697, 280.248, 2.475905, -3.64, -3.59, 5.491872
4.64, 1.64972, -3.259907, 282.8999, 1.64972, 1.390222, -3.259907, 7.009417, 282.8999, 3.27032, -3.64, -3.59, 5.479308
4.66, 1.637597, -3.256957, 285.7173, 1.637597, 1.389778, -3.256957, 6.822143, 285.7173, 3.906957, -3.64, -3.59, 5.467671
4.68, 1.631811, -3.255512, 287.06, 1.631811, 1.389659, -3.255512, 6.792403, 287.06, 4.142298, -3.64, -3.59, 5.462145
4.7, 1.620299, -3.252803, 289.5139, 1.620299, 1.389438, -3.252803, 6.985079, 289.5139, 4.468442, -3.64, -3.59, 5.451146
4.72, 1.609921, -3.250354, 291.5724, 1.609921, 1.389034, -3.250354, 7.008553, 291.5724, 4.567362, -3.64, -3.59, 5.44118
4.74, 1.599667, -3.248003, 293.3536, 1.599667, 1.388494, -3.248003, 6.893383, 293.3536, 4.604092, -3.64, -3.59, 5.431297
4.76, 1.599667, -3.248003, 293.3536, 1.599667, 1.388494, -3.248003, 6.893383, 293.3536, 4.604092, -3.64, -3.59, 5.431297
4.78, 1.589261, -3.245664, 294.7489, 1.589261, 1.387264, -3.245664, 6.502331, 294.7489, 4.635254, -3.64, -3.59, 5.421093
4.8, 1.574643, -3.242554, 296.1909, 1.574643, 1.384877, -3.242554, 5.949514, 296.1909, 4.943565, -3.64, -3.59, 5.40658
4.82, 1.565067, -3.240716, 296.6872, 1.565067, 1.383637, -3.240716, 5.637235, 296.6872, 5.277075, -3.64, -3.59, 5.397145
4.84, 1.565067, -3.240716, 296.6872, 1.565067, 1.383637, -3.240716, 5.637235, 296.6872, 5.277075, -3.64, -3.59, 5.397145
4.86, 1.543728, -3.235901, 297.2966, 1.543728, 1.387862, -3.235901, 5.303675, 297.2966, 5.744917, -3.64, -3.59, 5.377972
4.88, 1.538017, -3.234689, 297.4106, 1.538017, 1.389764, -3.234689, 5.172747, 297.4106, 5.767958, -3.64, -3.59, 5.373039
4.9, 1.531374, -3.233387, 297.4456, 1.531374, 1.392036, -3.233387, 4.932011, 297.4456, 5.718126, -3.64, -3.59, 5.367313
4.92, 1.512527, -3.230417, 297.367, 1.512527, 1.395683, -3.230417, 4.092602, 297.367, 5.247078, -3.64, -3.59, 5.350305
4.94, 1.500044, -3.229472, 297.0158, 1.500044, 1.395811, -3.229472, 3.352519, 297.0158, 5.058019, -3.64, -3.59, 5.338382
4.96, 1.487817, -3.229146, 296.3325, 1.487817, 1.39483, -3.229146, 2.971062, 296.3325, 4.928506, -3.64, -3.59, 5.326375
4.98, 1.487817, -3.229146, 296.3325, 1.487817, 1.39483, -3.229146, 2.971062, 296.3325, 4.928506, -3.64, -3.59, 5.326375
5, 1.475111, -3.229119, 295.2965, 1.475111, 1.394365, -3.229119, 3.31094, 295.2965, 4.704083, -3.64, -3.59, 5.314024
5.02, 1.456716, -3.230254, 293.7236, 1.456716, 1.394966, -3.230254, 4.627938, 293.7236, 4.451153, -3.64, -3.59, 5.296401
5.04, 1.450368, -3.230692, 293.1203, 1.450368, 1.395173, -3.230692, 5.206913, 293.1203, 4.42686, -3.64, -3.59, 5.290318
5.06, 1.430113, -3.232063, 291.28, 1.430113, 1.396561, -3.232063, 6.291348, 291.28, 4.546803, -3.64, -3.59, 5.271105
5.08, 1.423701, -3.232403, 290.6731, 1.423701, 1.397196, -3.232403, 6.379219, 290.6731, 4.568305, -3.64, -3.59, 5.265083
5.1, 1.410563, -3.2338, 289.4257, 1.410563, 1.398071, -3.2338, 6.113989, 289.4257, 4.636662, -3.64, -3.59, 5.252587
5.12, 1.396767, -3.235998, 288.171, 1.396767, 1.397859, -3.235998, 5.567017, 288.171, 4.567688, -3.64, -3.59, 5.239117
5.14, 1.38245, -3.238522, 286.9088, 1.38245, 1.396622, -3.238522, 5.092339, 286.9088, 4.117122, -3.64, -3.59, 5.224854
5.16, 1.375857, -3.239757, 286.332, 1.375857, 1.395776, -3.239757, 4.952101, 286.332, 3.856239, -3.64, -3.59, 5.218207
5.18, 1.360843, -3.243069, 285.0974, 1.360843, 1.393764, -3.243069, 4.904131, 285.0974, 3.327613, -3.64, -3.59, 5.203016
5.2, 1.353275, -3.244831, 284.4212, 1.353275, 1.39249, -3.244831, 4.927886, 284.4212, 3.090999, -3.64, -3.59, 5.195283
5.22, 1.328361, -3.250947, 282.365, 1.328361, 1.388358, -3.250947, 5.502042, 282.365, 2.598995, -3.64, -3.59, 5.169827
5.24, 1.311617, -3.255694, 280.9374, 1.311617, 1.385561, -3.255694, 6.090342, 280.9374, 2.396786, -3.64, -3.59, 5.152675
5.26, 1.293712, -3.260815, 279.5066, 1.293712, 1.382212, -3.260815, 6.724157, 279.5066, 2.438231, -3.64, -3.59, 5.134237
5.28, 1.284942, -3.263282, 278.8649, 1.284942, 1.38045, -3.263282, 6.973897, 278.8649, 2.592639, -3.64, -3.59, 5.125177
5.3, 1.276321, -3.265652, 278.2267, 1.276321, 1.378586, -3.265652, 7.187454, 278.2267, 2.741045, -3.64, -3.59, 5.116241
5.32, 1.250671, -3.273355, 276.37, 1.250671, 1.372725, -3.273355, 7.592062, 276.37, 3.477089, -3.64, -3.59, 5.089529
5.34, 1.232531, -3.278848, 275.2928, 1.232531, 1.368559, -3.278848, 8.000807, 275.2928, 4.105013, -3.64, -3.59, 5.070634
5.36, 1.232531, -3.278848, 275.2928, 1.232531, 1.368559, -3.278848, 8.000807, 275.2928, 4.105013, -3.64, -3.59, 5.070634
5.38, 1.206105, -3.287437, 274.0959, 1.206105, 1.363647, -3.287437, 8.652521, 274.0959, 4.45396, -3.64, -3.59, 5.043393
5.4, 1.187737, -3.293477, 273.3911, 1.187737, 1.361208, -3.293477, 8.885338, 273.3911, 4.378981, -3.64, -3.59, 5.024724
5.42, 1.169036, -3.299134, 272.6258, 1.169036, 1.362347, -3.299134, 8.912322, 272.6258, 4.271389, -3.64, -3.59, 5.006738
5.44, 1.159688, -3.302041, 272.2206, 1.159688, 1.363328, -3.302041, 8.75747, 272.2206, 4.210454, -3.64, -3.59, 4.997859
5.46, 1.130559, -3.309877, 271.191, 1.130559, 1.368982, -3.309877, 8.220625, 271.191, 4.230073, -3.64, -3.59, 4.970998
5.48, 1.121238, -3.312047, 270.9435, 1.121238, 1.370751, -3.312047, 8.161558, 270.9435, 4.261529, -3.64, -3.59, 4.96242
5.5, 1.103287, -3.316301, 270.6129, 1.103287, 1.374009, -3.316301, 8.056899, 270.6129, 4.209413, -3.64, -3.59, 4.945866
5.52, 1.086328, -3.31967, 270.7809, 1.086328, 1.376301, -3.31967, 7.832923, 270.7809, 3.891277, -3.64, -3.59, 4.930057
5.54, 1.069496, -3.322466, 271.0115, 1.069496, 1.37761, -3.322466, 7.548137, 271.0115, 3.50697, -3.64, -3.59, 4.914136
5.56, 1.053429, -3.324711, 271.2353, 1.053429, 1.378617, -3.324711, 7.587628, 271.2353, 3.450847, -3.64, -3.59, 4.898902
5.58, 1.046017, -3.325801, 271.2964, 1.046017, 1.379485, -3.325801, 7.811966, 271.2964, 3.541842, -3.64, -3.59, 4.891987
5.6, 1.030954, -3.327547, 271.3454, 1.030954, 1.381634, -3.327547, 8.583866, 271.3454, 3.768973, -3.64, -3.59, 4.878074
5.62, 1.016732, -3.327485, 271.4223, 1.016732, 1.38293, -3.327485, 9.614265, 271.4223, 4.091188, -3.64, -3.59, 4.864829
5.64, 1.00346, -3.326624, 271.7566, 1.00346, 1.383997, -3.326624, 10.43875, 271.7566, 4.264606, -3.64, -3.59, 4.852478
5.66, 0.9972037, -3.325722, 271.9586, 0.9972037, 1.384152, -3.325722, 10.68491, 271.9586, 4.148839, -3.64, -3.59, 4.846584
5.68, 0.984792, -3.324764, 272.4227, 0.984792, 1.384621, -3.324764, 10.89627, 272.4227, 3.673544, -3.64, -3.59, 4.834897
5.7, 0.973083, -3.324032, 272.9011, 0.973083, 1.384805, -3.324032, 10.86303, 272.9011, 3.003968, -3.64, -3.59, 4.823791
5.72, 0.9616805, -3.323453, 273.1949, 0.9616805, 1.384447, -3.323453, 10.76404, 273.1949, 2.515905, -3.64, -3.59, 4.812817
5.74, 0.9504436, -3.322673, 273.237, 0.9504436, 1.383458, -3.322673, 10.5402, 273.237, 2.261011, -3.64, -3.59, 4.801832
5.76, 0.9396733, -3.322057, 272.973, 0.9396733, 1.382399, -3.322057, 10.29476, 272.973, 2.265188, -3.64, -3.59, 4.791266
5.78, 0.9343629, -3.321847, 272.7966, 0.9343629, 1.381919, -3.321847, 10.16061, 272.7966, 2.309387, -3.64, -3.59, 4.786063
5.8, 0.9285077, -3.321617, 272.5408, 0.9285077, 1.381767, -3.321617, 9.991274, 272.5408, 2.350662, -3.64, -3.59, 4.780437
5.82, 0.9117864, -3.319826, 271.9638, 0.9117864, 1.381514, -3.319826, 9.353582, 271.9638, 2.40832, -3.64, -3.59, 4.764487
5.84, 0.8997516, -3.31818, 271.6615, 0.8997516, 1.381615, -3.31818, 8.942297, 271.6615, 2.491085, -3.64, -3.59, 4.753114
5.86, 0.8941806, -3.317215, 271.5361, 0.8941806, 1.38177, -3.317215, 8.790109, 271.5361, 2.544351, -3.64, -3.59, 4.747894
5.88, 0.8818718, -3.31501, 271.3587, 0.8818718, 1.382268, -3.31501, 8.490766, 271.3587, 2.538918, -3.64, -3.59, 4.736413
5.9, 0.8695558, -3.312872, 271.2545, 0.8695558, 1.383301, -3.312872, 8.174246, 271.2545, 2.420452, -3.64, -3.59, 4.725084
5.92, 0.8571835, -3.310819, 271.151, 0.8571835, 1.384363, -3.310819, 7.664583, 271.151, 2.324981, -3.64, -3.59, 4.71371
5.94, 0.8443954, -3.307539, 271.0151, 0.8443954, 1.384773, -3.307539, 7.147759, 271.0151, 2.208511, -3.64, -3.59, 4.701828
5.96, 0.8372816, -3.30564, 270.9086, 0.8372816, 1.3852, -3.30564, 6.909235, 270.9086, 2.09092, -3.64, -3.59, 4.695284
5.98, 0.8261515, -3.303103, 270.7317, 0.8261515, 1.385426, -3.303103, 6.591045, 270.7317, 1.973813, -3.64, -3.59, 4.684894
6, 0.8163141, -3.301093, 270.5929, 0.8163141, 1.38577, -3.301093, 6.389844, 270.5929, 2.002419, -3.64, -3.59, 4.675742
6.02, 0.8016771, -3.297457, 270.3168, 0.8016771, 1.385922, -3.297457, 6.284843, 270.3168, 2.162984, -3.64, -3.59, 4.662066
6.04, 0.7946707, -3.29559, 270.1689, 0.7946707, 1.386104, -3.29559, 6.282632, 270.1689, 2.254062, -3.64, -3.59, 4.655563
6.06, 0.7802334, -3.291901, 269.885, 0.7802334, 1.385784, -3.291901, 6.458079, 269.885, 2.424936, -3.64, -3.59, 4.641953
6.08, 0.765969, -3.287614, 269.6431, 0.765969, 1.385187, -3.287614, 6.874228, 269.6431, 2.600967, -3.64, -3.59, 4.628471
6.1, 0.75155, -3.283576, 269.3823, 0.75155, 1.384433, -3.283576, 7.371266, 269.3823, 2.886298, -3.64, -3.59, 4.614788
6.12, 0.7369084, -3.278981, 269.0706, 0.7369084, 1.383338, -3.278981, 7.788173, 269.0706, 3.25756, -3.64, -3.59, 4.600835
6.14, 0.7223086, -3.274599, 268.7457, 0.7223086, 1.384736, -3.274599, 8.393913, 268.7457, 3.665693, -3.64, -3.59, 4.587669
6.16, 0.7070285, -3.269789, 268.4167, 0.7070285, 1.387786, -3.269789, 8.893229, 268.4167, 4.020044, -3.64, -3.59, 4.574401
6.18, 0.6997857, -3.267503, 268.2967, 0.6997857, 1.389337, -3.267503, 9.042921, 268.2967, 4.225956, -3.64, -3.59, 4.568151
6.2, 0.6860864, -3.262728, 268.1665, 0.6860864, 1.391955, -3.262728, 9.132996, 268.1665, 4.419262, -3.64, -3.59, 4.556278
6.22, 0.671723, -3.257412, 267.9118, 0.671723, 1.394493, -3.257412, 8.919376, 267.9118, 4.472289, -3.64, -3.59, 4.543807
6.24, 0.6580259, -3.252653, 267.6159, 0.6580259, 1.395953, -3.252653, 8.356482, 267.6159, 4.492651, -3.64, -3.59, 4.531613
6.26, 0.6516249, -3.250412, 267.5095, 0.6516249, 1.396155, -3.250412, 7.936474, 267.5095, 4.47455, -3.64, -3.59, 4.525772
6.28, 0.6389987, -3.246057, 267.2844, 0.6389987, 1.396218, -3.246057, 7.288112, 267.2844, 4.432099, -3.64, -3.59, 4.51415
6.3, 0.6268203, -3.241807, 267.0239, 0.6268203, 1.396851, -3.241807, 6.928146, 267.0239, 4.15378, -3.64, -3.59, 4.503131
6.32, 0.6150359, -3.237969, 266.806, 0.6150359, 1.397254, -3.237969, 6.934361, 266.806, 3.478067, -3.64, -3.59, 4.492391
6.34, 0.6033032, -3.235504, 266.7174, 0.6033032, 1.398188, -3.235504, 7.336848, 266.7174, 2.645342, -3.64, -3.59, 4.481765
6.36, 0.5915043, -3.233541, 266.6052, 0.5915043, 1.399227, -3.233541, 7.664999, 266.6052, 2.008003, -3.64, -3.59, 4.471077
6.38, 0.5857245, -3.23253, 266.5878, 0.5857245, 1.399618, -3.23253, 7.762643, 266.5878, 1.922167, -3.64, -3.59, 4.465811
6.4, 0.5734466, -3.230247, 266.5908, 0.5734466, 1.400057, -3.230247, 7.826084, 266.5908, 1.952228, -3.64, -3.59, 4.454516
6.42, 0.5620478, -3.22836, 266.6859, 0.5620478, 1.400308, -3.22836, 7.710078, 266.6859, 2.210011, -3.64, -3.59, 4.443968
6.44, 0.5508361, -3.226851, 266.8406, 0.5508361, 1.400143, -3.226851, 7.432953, 266.8406, 2.515728, -3.64, -3.59, 4.433439
6.46, 0.5388272, -3.225314, 267.1119, 0.5388272, 1.399796, -3.225314, 6.964366, 267.1119, 2.731573, -3.64, -3.59, 4.422106
6.48, 0.5331452, -3.224631, 267.2564, 0.5331452, 1.399575, -3.224631, 6.771121, 267.2564, 2.771412, -3.64, -3.59, 4.416724
6.5, 0.5199622, -3.223236, 267.5623, 0.5199622, 1.398999, -3.223236, 6.354025, 267.5623, 2.786644, -3.64, -3.59, 4.404202
6.52, 0.5071583, -3.222354, 267.8054, 0.5071583, 1.398377, -3.222354, 6.025357, 267.8054, 2.729658, -3.64, -3.59, 4.391987
6.54, 0.4935686, -3.22237, 267.9677, 0.4935686, 1.397738, -3.22237, 5.919095, 267.9677, 2.502545, -3.64, -3.59, 4.378952
6.56, 0.4800993, -3.222727, 268.2383, 0.4800993, 1.396608, -3.222727, 5.981536, 268.2383, 2.205175, -3.64, -3.59, 4.365848
6.58, 0.4726042, -3.222989, 268.3621, 0.4726042, 1.395856, -3.222989, 6.013333, 268.3621, 2.042965, -3.64, -3.59, 4.358512
6.6, 0.4592989, -3.223925, 268.6576, 0.4592989, 1.394408, -3.223925, 6.074451, 268.6576, 1.85082, -3.64, -3.59, 4.345416
6.62, 0.4458366, -3.225581, 268.8777, 0.4458366, 1.392601, -3.225581, 6.151103, 268.8777, 1.718957, -3.64, -3.59, 4.331997
6.64, 0.4325013, -3.227826, 269.0804, 0.4325013, 1.390416, -3.227826, 6.37897, 269.0804, 1.754836, -3.64, -3.59, 4.318529
6.66, 0.4185531, -3.230806, 269.2271, 0.4185531, 1.38841, -3.230806, 6.700779, 269.2271, 1.852553, -3.64, -3.59, 4.304481
6.68, 0.4120716, -3.232353, 269.3024, 0.4120716, 1.387455, -3.232353, 6.766199, 269.3024, 1.948669, -3.64, -3.59, 4.297933
6.7, 0.3966438, -3.235941, 269.446, 0.3966438, 1.38541, -3.235941, 6.637938, 269.446, 2.189569, -3.64, -3.59, 4.282431
6.72, 0.3901746, -3.237654, 269.4813, 0.3901746, 1.384642, -3.237654, 6.473566, 269.4813, 2.329963, -3.64, -3.59, 4.275943
6.74, 0.3683589, -3.243417, 269.5489, 0.3683589, 1.382738, -3.243417, 6.093472, 269.5489, 2.695129, -3.64, -3.59, 4.254295
6.76, 0.3527555, -3.248135, 269.6971, 0.3527555, 1.381612, -3.248135, 6.061203, 269.6971, 2.877281, -3.64, -3.59, 4.238847
6.78, 0.3453986, -3.250504, 269.7621, 0.3453986, 1.381144, -3.250504, 6.11623, 269.7621, 2.915936, -3.64, -3.59, 4.231574
6.8, 0.3305524, -3.255345, 269.8711, 0.3305524, 1.380918, -3.255345, 6.293621, 269.8711, 2.933035, -3.64, -3.59, 4.217134
6.82, 0.3154366, -3.260462, 269.9595, 0.3154366, 1.380999, -3.260462, 6.328805, 269.9595, 2.9564, -3.64, -3.59, 4.202527
6.84, 0.2991748, -3.265694, 269.9957, 0.2991748, 1.38157, -3.265694, 6.297492, 269.9957, 3.019912, -3.64, -3.59, 4.187005
6.86, 0.2839187, -3.270657, 270.0264, 0.2839187, 1.382509, -3.270657, 6.211542, 270.0264, 3.106697, -3.64, -3.59, 4.172583
6.88, 0.2759547, -3.273449, 270.0491, 0.2759547, 1.383175, -3.273449, 6.198091, 270.0491, 3.122893, -3.64, -3.59, 4.165102
6.9, 0.2608876, -3.278678, 270.1994, 0.2608876, 1.384708, -3.278678, 6.20119, 270.1994, 3.012317, -3.64, -3.59, 4.151056
6.92, 0.2467451, -3.283513, 270.4108, 0.2467451, 1.386724, -3.283513, 6.268198, 270.4108, 2.762849, -3.64, -3.59, 4.138083
6.94, 0.2322139, -3.288819, 270.6453, 0.2322139, 1.389446, -3.288819, 6.258204, 270.6453, 2.514261, -3.64, -3.59, 4.124962
6.96, 0.2189372, -3.293638, 270.7645, 0.2189372, 1.391646, -3.293638, 5.91278, 270.7645, 2.439012, -3.64, -3.59, 4.112895
6.98, 0.2114866, -3.296224, 270.7325, 0.2114866, 1.392269, -3.296224, 5.543342, 270.7325, 2.450471, -3.64, -3.59, 4.105931
7, 0.1973887, -3.300722, 270.6673, 0.1973887, 1.393442, -3.300722, 4.963638, 270.6673, 2.654415, -3.64, -3.59, 4.092788
7.02, 0.1840733, -3.30475, 270.4593, 0.1840733, 1.39542, -3.30475, 4.685081, 270.4593, 2.764259, -3.64, -3.59, 4.080698
7.04, 0.170727, -3.308772, 270.0547, 0.170727, 1.397363, -3.308772, 4.855248, 270.0547, 2.909912, -3.64, -3.59, 4.068582
7.06, 0.1577476, -3.31165, 269.6763, 0.1577476, 1.399105, -3.31165, 5.467655, 269.6763, 3.344553, -3.64, -3.59, 4.056829
7.08, 0.1520519, -3.312769, 269.5177, 0.1520519, 1.399446, -3.312769, 5.786511, 269.5177, 3.612493, -3.64, -3.59, 4.051538
7.1, 0.1405016, -3.314356, 269.3163, 0.1405016, 1.400052, -3.314356, 6.54149, 269.3163, 3.991542, -3.64, -3.59, 4.040832
7.12, 0.1293622, -3.315656, 269.2759, 0.1293622, 1.400708, -3.315656, 6.866055, 269.2759, 3.852392, -3.64, -3.59, 4.030551
7.14, 0.1181579, -3.316622, 269.4365, 0.1181579, 1.401157, -3.316622, 6.875926, 269.4365, 3.326643, -3.64, -3.59, 4.020165
7.16, 0.1073728, -3.317678, 269.5746, 0.1073728, 1.401224, -3.317678, 6.630564, 269.5746, 2.690981, -3.64, -3.59, 4.010036
7.18, 0.101565, -3.318192, 269.5624, 0.101565, 1.401275, -3.318192, 6.499208, 269.5624, 2.438803, -3.64, -3.59, 4.004592
7.2, 0.08993371, -3.319248, 269.2768, 0.08993371, 1.401221, -3.319248, 6.040021, 269.2768, 2.082718, -3.64, -3.59, 3.993637
7.22, 0.0785864, -3.319837, 268.8454, 0.0785864, 1.400922, -3.319837, 5.527966, 268.8454, 1.89413, -3.64, -3.59, 3.982895
7.24, 0.06721902, -3.31992, 268.2657, 0.06721902, 1.399762, -3.31992, 5.219234, 268.2657, 2.12304, -3.64, -3.59, 3.97187
7.26, 0.05668603, -3.319226, 267.6304, 0.05668603, 1.397988, -3.319226, 5.135198, 267.6304, 2.466307, -3.64, -3.59, 3.961462
7.28, 0.05071879, -3.318592, 267.312, 0.05071879, 1.397468, -3.318592, 5.125425, 267.312, 2.565125, -3.64, -3.59, 3.955754
7.3, 0.03983499, -3.317296, 266.6959, 0.03983499, 1.396572, -3.317296, 4.967329, 266.6959, 2.232915, -3.64, -3.59, 3.945373
7.32, 0.02788483, -3.315941, 266.584, 0.02788483, 1.39559, -3.315941, 4.589049, 266.584, 1.654011, -3.64, -3.59, 3.933975
7.34, 0.01575783, -3.314317, 266.6558, 0.01575783, 1.394908, -3.314317, 4.195447, 266.6558, 1.120534, -3.64, -3.59, 3.922542
7.36, 0.003642917, -3.312478, 266.5963, 0.003642917, 1.393879, -3.312478, 3.935289, 266.5963, 0.858658, -3.64, -3.59, 3.911017
7.38, -0.002218537, -3.311279, 266.4283, -0.002218537, 1.393369, -3.311279, 3.98192, 266.4283, 0.8432758, -3.64, -3.59, 3.90546
7.4, -0.01381887, -3.30888, 266.029, -0.01381887, 1.392241, -3.30888, 4.118449, 266.029, 0.8678217, -3.64, -3.59, 3.894426
7.42, -0.02553882, -3.306123, 265.7267, -0.02553882, 1.391346, -3.306123, 4.209082, 265.7267, 0.9935272, -3.64, -3.59, 3.883395
7.44, -0.03796381, -3.303413, 265.3773, -0.03796381, 1.390782, -3.303413, 4.190613, 265.3773, 1.194701, -3.64, -3.59, 3.871831
7.46, -0.04974223, -3.300467, 264.9197, -0.04974223, 1.390506, -3.300467, 4.239228, 264.9197, 1.421119, -3.64, -3.59, 3.860996
7.48, -0.04974223, -3.300467, 264.9197, -0.04974223, 1.390506, -3.300467, 4.239228, 264.9197, 1.421119, -3.64, -3.59, 3.860996
7.5, -0.06710986, -3.294651, 264.2086, -0.06710986, 1.390999, -3.294651, 4.181154, 264.2086, 1.784887, -3.64, -3.59, 3.845472
7.52, -0.07969347, -3.290035, 263.8765, -0.07969347, 1.393235, -3.290035, 3.971881, 263.8765, 1.804801, -3.64, -3.59, 3.834953
7.54, -0.09205502, -3.285438, 263.7798, -0.09205502, 1.396005, -3.285438, 3.473184, 263.7798, 1.555029, -3.64, -3.59, 3.824853
7.56, -0.104837, -3.28053, 263.9745, -0.104837, 1.398148, -3.28053, 2.737379, 263.9745, 1.261558, -3.64, -3.59, 3.81418
7.58, -0.1116541, -3.277869, 264.1491, -0.1116541, 1.399072, -3.277869, 2.376836, 264.1491, 1.065371, -3.64, -3.59, 3.808419
7.6, -0.1245325, -3.272917, 264.6559, -0.1245325, 1.400623, -3.272917, 1.659765, 264.6559, 0.5886993, -3.64, -3.59, 3.797473
7.62, -0.1370656, -3.26827, 265.3491, -0.1370656, 1.40221, -3.26827, 1.122242, 265.3491, 0.004100981, -3.64, -3.59, 3.786853
7.64, -0.1493043, -3.263585, 266.0302, -0.1493043, 1.403524, -3.263585, 0.8662928, 266.0302, 359.4392, -3.64, -3.59, 3.776425
7.66, -0.1608031, -3.259334, 266.5336, -0.1608031, 1.404958, -3.259334, 0.5196975, 266.5336, 359.174, -3.64, -3.59, 3.766704
7.68, -0.1661319, -3.25726, 266.7101, -0.1661319, 1.405565, -3.25726, 0.2819085, 266.7101, 359.1982, -3.64, -3.59, 3.762192
7.7, -0.1774528, -3.25412, 266.9164, -0.1774528, 1.406491, -3.25412, 359.8123, 266.9164, 359.3829, -3.64, -3.59, 3.752368
7.72, -0.1893721, -3.251204, 267.0466, -0.1893721, 1.407211, -3.251204, 359.2617, 267.0466, 359.6277, -3.64, -3.59, 3.741906
7.74, -0.2010716, -3.24894, 267.0955, -0.2010716, 1.407751, -3.24894, 358.6642, 267.0955, 359.7442, -3.64, -3.59, 3.73153
7.76, -0.2127616, -3.247888, 267.0459, -0.2127616, 1.408398, -3.247888, 358.2293, 267.0459, 359.5436, -3.64, -3.59, 3.721101
7.78, -0.2185713, -3.247437, 267.0662, -0.2185713, 1.408787, -3.247437, 358.0496, 267.0662, 359.3876, -3.64, -3.59, 3.715939
7.8, -0.2299942, -3.247098, 267.1261, -0.2299942, 1.409295, -3.247098, 358.3236, 267.1261, 359.2735, -3.64, -3.59, 3.705649
7.82, -0.2415489, -3.246938, 267.1293, -0.2415489, 1.410224, -3.246938, 359.0292, 267.1293, 359.2642, -3.64, -3.59, 3.695388
7.84, -0.2535131, -3.24706, 266.9134, -0.2535131, 1.410784, -3.24706, 359.8316, 266.9134, 359.6112, -3.64, -3.59, 3.684592
7.86, -0.2655233, -3.247249, 266.694, -0.2655233, 1.411317, -3.247249, 0.3232211, 266.694, 0.1720139, -3.64, -3.59, 3.673743
7.88, -0.271582, -3.247179, 266.5546, -0.271582, 1.411457, -3.247179, 0.4930445, 266.5546, 0.5227782, -3.64, -3.59, 3.668239
7.9, -0.2842512, -3.247299, 266.3279, -0.2842512, 1.411869, -3.247299, 0.7560576, 266.3279, 1.267411, -3.64, -3.59, 3.656757
7.92, -0.2966431, -3.247673, 266.2769, -0.2966431, 1.411544, -3.247673, 0.9744012, 266.2769, 1.673549, -3.64, -3.59, 3.645227
7.94, -0.3089746, -3.248248, 266.2884, -0.3089746, 1.410743, -3.248248, 1.206666, 266.2884, 1.715616, -3.64, -3.59, 3.633555
7.96, -0.3160194, -3.248703, 266.2682, -0.3160194, 1.410001, -3.248703, 1.312396, 266.2682, 1.61125, -3.64, -3.59, 3.626766
7.98, -0.3291177, -3.249348, 266.3318, -0.3291177, 1.408131, -3.249348, 1.568987, 266.3318, 1.287478, -3.64, -3.59, 3.613976
8, -0.3357563, -3.249895, 266.3753, -0.3357563, 1.407308, -3.249895, 1.736018, 266.3753, 1.139411, -3.64, -3.59, 3.607522
8.02, -0.3564808, -3.252254, 266.4185, -0.3564808, 1.404835, -3.252254, 2.428855, 266.4185, 0.6299315, -3.64, -3.59, 3.587358
8.04, -0.370841, -3.254146, 266.4258, -0.370841, 1.402509, -3.254146, 2.929096, 266.4258, 0.6122583, -3.64, -3.59, 3.573126
8.059999, -0.3861219, -3.256558, 266.3878, -0.3861219, 1.399816, -3.256558, 3.455722, 266.3878, 0.7207063, -3.64, -3.59, 3.557863
8.08, -0.3938481, -3.257852, 266.3951, -0.3938481, 1.398828, -3.257852, 3.698912, 266.3951, 0.7926036, -3.64, -3.59, 3.550288
8.099999, -0.4092267, -3.260389, 266.4202, -0.4092267, 1.396351, -3.260389, 4.104102, 266.4202, 0.9232738, -3.64, -3.59, 3.535016
8.12, -0.4254688, -3.263417, 266.5552, -0.4254688, 1.394098, -3.263417, 4.41495, 266.5552, 1.100853, -3.64, -3.59, 3.519002
8.139999, -0.4412064, -3.266407, 266.6886, -0.4412064, 1.391852, -3.266407, 4.54251, 266.6886, 1.220355, -3.64, -3.59, 3.503462
8.16, -0.45772, -3.269386, 266.7733, -0.45772, 1.389966, -3.269386, 4.639563, 266.7733, 1.342579, -3.64, -3.59, 3.487364
8.179999, -0.4662644, -3.271297, 266.7943, -0.4662644, 1.388924, -3.271297, 4.651388, 266.7943, 1.426364, -3.64, -3.59, 3.478977
8.2, -0.4838618, -3.275177, 266.8391, -0.4838618, 1.386654, -3.275177, 4.735845, 266.8391, 1.665485, -3.64, -3.59, 3.461666
8.22, -0.5005683, -3.27914, 266.8859, -0.5005683, 1.384246, -3.27914, 4.766955, 266.8859, 1.855852, -3.64, -3.59, 3.445113
8.24, -0.5176105, -3.283345, 266.918, -0.5176105, 1.381651, -3.283345, 4.703998, 266.918, 1.882015, -3.64, -3.59, 3.428165
8.26, -0.5353714, -3.287872, 266.9534, -0.5353714, 1.380415, -3.287872, 4.775972, 266.9534, 1.867864, -3.64, -3.59, 3.411092
8.28, -0.5444123, -3.290124, 266.9787, -0.5444123, 1.380414, -3.290124, 4.924443, 266.9787, 1.848354, -3.64, -3.59, 3.402666
8.3, -0.5623578, -3.294266, 267.1075, -0.5623578, 1.38105, -3.294266, 5.392506, 267.1075, 1.912325, -3.64, -3.59, 3.386243
8.32, -0.5818223, -3.298443, 267.3048, -0.5818223, 1.382892, -3.298443, 6.105774, 267.3048, 2.018157, -3.64, -3.59, 3.368954
8.34, -0.600005, -3.302078, 267.4944, -0.600005, 1.384822, -3.302078, 6.751875, 267.4944, 2.000072, -3.64, -3.59, 3.352939
8.36, -0.6090093, -3.303964, 267.6123, -0.6090093, 1.385391, -3.303964, 6.995288, 267.6123, 1.977517, -3.64, -3.59, 3.344851
8.38, -0.6270369, -3.307486, 267.8987, -0.6270369, 1.38676, -3.307486, 7.271926, 267.8987, 1.845721, -3.64, -3.59, 3.328794
8.4, -0.6435226, -3.310034, 268.1854, -0.6435226, 1.386648, -3.310034, 7.160718, 268.1854, 1.71348, -3.64, -3.59, 3.313616
8.42, -0.6606713, -3.312768, 268.4831, -0.6606713, 1.385724, -3.312768, 6.848045, 268.4831, 1.60021, -3.64, -3.59, 3.297498
